,SEX,AGE,TIP,FO,PROF,EDU,DOHOD,weight
0,1.0,62.0,3.0,3.0,8.0,5.0,3.0,0.6754240711648395
1,1.0,65.0,3.0,1.0,1.0,5.0,3.0,1.6661996766984533
2,1.0,23.0,1.0,1.0,9.0,4.0,4.0,1.3910196263745753
3,1.0,50.0,2.0,5.0,7.0,3.0,3.0,0.6559509732893687
4,1.0,52.0,3.0,2.0,7.0,4.0,3.0,1.2048171272833406
5,2.0,18.0,6.0,1.0,3.0,2.0,3.0,1.4526243464816506
6,2.0,19.0,3.0,1.0,4.0,3.0,2.0,1.1698404102783593
7,2.0,35.0,3.0,6.0,7.0,4.0,3.0,1.991252812373289
8,2.0,38.0,1.0,5.0,7.0,4.0,2.0,0.7358004500210178
9,2.0,46.0,3.0,3.0,99.0,6.0,1.0,1.3308865759823107
10,2.0,31.0,3.0,1.0,7.0,5.0,3.0,1.6958327852306252
11,1.0,44.0,2.0,7.0,7.0,5.0,3.0,0.38857937511904167
12,1.0,21.0,1.0,5.0,7.0,5.0,2.0,0.6292564778230256
13,1.0,62.0,3.0,1.0,1.0,5.0,4.0,1.3215950821331632
14,1.0,63.0,3.0,2.0,1.0,4.0,3.0,0.21316510323738078
15,2.0,34.0,1.0,7.0,7.0,4.0,2.0,1.2430823574081717
16,2.0,55.0,7.0,7.0,7.0,4.0,3.0,0.7482695014763957
17,1.0,61.0,1.0,1.0,5.0,5.0,3.0,0.8840481247188247
18,1.0,30.0,1.0,1.0,9.0,4.0,2.0,1.293766776814243
19,1.0,30.0,5.0,1.0,7.0,4.0,4.0,0.993995849569573
20,1.0,38.0,6.0,1.0,9.0,4.0,3.0,0.7697218085076969
21,1.0,50.0,4.0,6.0,7.0,5.0,4.0,1.0970163309144256
22,1.0,45.0,1.0,1.0,8.0,5.0,3.0,1.2287720787622736
23,2.0,76.0,3.0,4.0,1.0,5.0,2.0,0.22392000884972224
24,1.0,24.0,1.0,1.0,7.0,5.0,1.0,0.68133111859199
25,1.0,18.0,1.0,5.0,4.0,3.0,3.0,0.8296069135851738
26,1.0,64.0,1.0,1.0,2.0,4.0,3.0,1.238818148143993
27,1.0,50.0,1.0,1.0,8.0,4.0,2.0,0.9961601080003022
28,1.0,60.0,2.0,4.0,2.0,999.0,99.0,0.2637492014930014
29,1.0,39.0,2.0,5.0,7.0,5.0,3.0,0.331683089321067
30,2.0,39.0,3.0,5.0,7.0,5.0,3.0,2.3111916353735236
31,1.0,80.0,1.0,2.0,1.0,5.0,3.0,0.8840481247188247
32,2.0,56.0,1.0,7.0,2.0,4.0,3.0,1.3407654596827372
33,1.0,27.0,1.0,6.0,7.0,5.0,2.0,0.7171649041480034
34,1.0,40.0,1.0,1.0,7.0,6.0,3.0,0.6249000379814011
35,1.0,74.0,3.0,2.0,1.0,5.0,2.0,0.5113350784154176
36,2.0,52.0,7.0,4.0,7.0,4.0,3.0,1.489737931974035
37,2.0,70.0,3.0,8.0,2.0,4.0,4.0,0.5573108978267407
38,2.0,81.0,4.0,5.0,1.0,4.0,4.0,1.4101488292568771
39,1.0,23.0,7.0,4.0,7.0,5.0,2.0,5.161623396958559
40,1.0,31.0,5.0,6.0,7.0,2.0,4.0,4.04882187195439
41,1.0,28.0,1.0,5.0,7.0,5.0,3.0,0.39671710763413026
42,1.0,43.0,1.0,1.0,7.0,6.0,3.0,0.6249000379814011
43,1.0,37.0,1.0,5.0,7.0,5.0,4.0,0.45916913593258823
44,1.0,83.0,1.0,2.0,1.0,1.0,3.0,1.238818148143993
45,1.0,85.0,2.0,7.0,1.0,4.0,3.0,0.4068188773196084
46,1.0,70.0,3.0,3.0,1.0,4.0,3.0,1.057624259416222
47,1.0,35.0,1.0,6.0,7.0,4.0,2.0,0.2476760485659148
48,2.0,27.0,3.0,1.0,6.0,5.0,3.0,1.6958327852306252
49,1.0,51.0,1.0,1.0,2.0,5.0,3.0,0.7108819617445633
50,1.0,70.0,2.0,7.0,2.0,5.0,4.0,0.29972814985402285
51,1.0,40.0,2.0,5.0,7.0,4.0,3.0,0.43728844075155426
52,1.0,41.0,5.0,1.0,5.0,3.0,3.0,0.7697218085076969
53,1.0,41.0,3.0,4.0,7.0,5.0,3.0,0.43083226286656306
54,1.0,47.0,4.0,3.0,7.0,5.0,2.0,0.48033696260020253
55,1.0,74.0,5.0,3.0,1.0,5.0,3.0,0.41672837912398003
56,2.0,38.0,1.0,1.0,8.0,6.0,2.0,1.1432058076892346
57,1.0,40.0,1.0,1.0,7.0,6.0,3.0,0.6249000379814011
58,2.0,39.0,1.0,1.0,7.0,5.0,3.0,1.1432058076892346
59,2.0,57.0,3.0,3.0,7.0,5.0,2.0,1.3308865759823107
60,2.0,62.0,1.0,1.0,2.0,4.0,2.0,0.9338496427512092
61,1.0,54.0,1.0,1.0,8.0,5.0,3.0,0.7108819617445633
62,2.0,41.0,1.0,1.0,7.0,5.0,3.0,1.1432058076892346
63,2.0,58.0,1.0,1.0,7.0,5.0,2.0,1.0019294383931403
64,2.0,57.0,1.0,2.0,7.0,5.0,3.0,1.0019294383931403
65,1.0,46.0,1.0,2.0,7.0,5.0,3.0,0.7108819617445633
66,2.0,29.0,3.0,1.0,7.0,5.0,2.0,1.8957089190958767
67,1.0,35.0,4.0,1.0,7.0,5.0,3.0,0.8568562418038671
68,2.0,42.0,3.0,2.0,7.0,5.0,2.0,3.681831508517291
69,1.0,38.0,7.0,3.0,8.0,4.0,3.0,1.328921009830283
70,1.0,67.0,7.0,5.0,1.0,5.0,3.0,0.5831648328770753
71,1.0,40.0,1.0,7.0,7.0,5.0,3.0,0.34438705872369996
72,1.0,50.0,3.0,4.0,2.0,5.0,3.0,0.3228317086063248
73,1.0,31.0,1.0,5.0,9.0,4.0,3.0,0.523028791645353
74,1.0,38.0,1.0,7.0,7.0,5.0,3.0,0.34438705872369996
75,1.0,51.0,2.0,5.0,7.0,5.0,4.0,0.4975385237484242
76,1.0,46.0,3.0,4.0,5.0,3.0,2.0,0.8001072456141657
77,1.0,63.0,5.0,2.0,2.0,4.0,3.0,0.3140588203146553
78,2.0,63.0,2.0,5.0,2.0,4.0,3.0,1.0836006808749992
79,1.0,34.0,1.0,5.0,8.0,5.0,2.0,0.39671710763413026
80,1.0,74.0,2.0,3.0,1.0,4.0,3.0,1.3889355073327159
81,2.0,59.0,1.0,7.0,2.0,5.0,3.0,0.9878232624470089
82,2.0,62.0,7.0,5.0,2.0,5.0,99.0,0.7737114280035966
83,1.0,35.0,1.0,1.0,4.0,5.0,4.0,0.6249000379814011
84,1.0,57.0,7.0,1.0,9.0,3.0,4.0,1.2753875677234345
85,2.0,33.0,2.0,3.0,9.0,5.0,3.0,0.8530876001540384
86,2.0,69.0,4.0,1.0,1.0,5.0,3.0,1.0031071559967208
87,2.0,82.0,5.0,6.0,1.0,4.0,4.0,1.0694696318701742
88,1.0,70.0,2.0,3.0,1.0,6.0,4.0,0.8870073342170501
89,1.0,21.0,4.0,5.0,9.0,3.0,3.0,1.402969237761389
90,1.0,41.0,7.0,3.0,7.0,5.0,3.0,0.8486806450633997
91,2.0,39.0,1.0,2.0,7.0,5.0,3.0,1.1432058076892346
92,2.0,47.0,1.0,5.0,8.0,6.0,1.0,2.9102419432243303
93,2.0,42.0,1.0,2.0,7.0,5.0,3.0,1.1432058076892346
94,2.0,39.0,1.0,2.0,9.0,5.0,3.0,1.1432058076892346
95,1.0,34.0,2.0,1.0,9.0,5.0,3.0,0.5541019525782329
96,2.0,73.0,5.0,1.0,1.0,5.0,3.0,1.0031071559967208
97,1.0,33.0,1.0,5.0,7.0,5.0,2.0,0.39671710763413026
98,1.0,72.0,3.0,2.0,1.0,5.0,4.0,0.5113350784154176
99,1.0,41.0,3.0,1.0,7.0,3.0,4.0,0.5452541026142447
100,2.0,74.0,4.0,3.0,1.0,4.0,3.0,0.8497970246320824
101,2.0,33.0,7.0,8.0,7.0,5.0,5.0,1.13884627841753
102,2.0,27.0,1.0,2.0,7.0,5.0,3.0,1.5438436401139382
103,1.0,43.0,7.0,4.0,9.0,3.0,3.0,0.6981340400257672
104,2.0,39.0,1.0,1.0,7.0,5.0,3.0,1.1432058076892346
105,1.0,21.0,5.0,1.0,4.0,2.0,3.0,3.4911271083966273
106,1.0,36.0,1.0,7.0,7.0,5.0,2.0,0.34438705872369996
107,1.0,39.0,7.0,3.0,7.0,5.0,3.0,0.8486806450633997
108,1.0,46.0,3.0,1.0,7.0,4.0,3.0,0.7476629033263047
109,1.0,69.0,3.0,6.0,1.0,3.0,2.0,0.5567524468932019
110,2.0,37.0,3.0,1.0,6.0,5.0,2.0,0.8135279492687988
111,2.0,54.0,2.0,7.0,7.0,5.0,3.0,0.661218261968666
112,2.0,58.0,5.0,6.0,1.0,5.0,2.0,0.6910476829245343
113,2.0,60.0,7.0,1.0,1.0,3.0,4.0,1.2896005459827125
114,1.0,59.0,5.0,1.0,2.0,4.0,2.0,0.8865798712228009
115,2.0,39.0,1.0,2.0,7.0,6.0,3.0,1.1432058076892346
116,2.0,29.0,1.0,1.0,7.0,6.0,3.0,1.5438436401139382
117,2.0,63.0,3.0,2.0,2.0,5.0,2.0,0.6903475572807624
118,2.0,67.0,3.0,8.0,2.0,5.0,4.0,0.7501759657114552
119,1.0,62.0,1.0,2.0,8.0,5.0,3.0,0.8840481247188247
120,1.0,44.0,2.0,5.0,7.0,5.0,2.0,0.331683089321067
121,1.0,42.0,5.0,5.0,7.0,5.0,3.0,1.10362669465452
122,1.0,54.0,2.0,7.0,7.0,4.0,3.0,0.6230046429122827
123,1.0,62.0,1.0,1.0,7.0,3.0,3.0,1.238818148143993
124,1.0,50.0,1.0,7.0,8.0,4.0,3.0,1.099996660686022
125,1.0,55.0,5.0,7.0,8.0,5.0,3.0,0.4578105058574638
126,1.0,45.0,3.0,2.0,5.0,4.0,4.0,1.2048171272833406
127,1.0,68.0,1.0,1.0,9.0,5.0,3.0,0.8840481247188247
128,1.0,24.0,3.0,5.0,9.0,3.0,3.0,0.6387162881381376
129,1.0,52.0,3.0,6.0,7.0,5.0,3.0,1.1862447422815283
130,1.0,45.0,1.0,3.0,7.0,5.0,1.0,0.267729231329486
131,2.0,74.0,3.0,3.0,1.0,4.0,3.0,0.7953963684021289
132,1.0,60.0,6.0,7.0,2.0,5.0,2.0,0.7250650571745281
133,1.0,64.0,1.0,2.0,2.0,4.0,99.0,1.238818148143993
134,2.0,54.0,1.0,1.0,7.0,5.0,3.0,1.0019294383931403
135,2.0,46.0,4.0,4.0,7.0,4.0,5.0,0.5876698494682541
136,2.0,72.0,7.0,6.0,1.0,4.0,2.0,2.411457847365954
137,2.0,72.0,1.0,5.0,2.0,3.0,3.0,1.8453758165546303
138,2.0,67.0,3.0,1.0,1.0,5.0,3.0,1.2434108968027489
139,1.0,75.0,6.0,7.0,1.0,3.0,3.0,0.9841256241266596
140,1.0,69.0,3.0,5.0,1.0,5.0,3.0,0.5180124845613501
141,2.0,55.0,2.0,6.0,7.0,6.0,3.0,0.3154135089108695
142,2.0,58.0,5.0,6.0,1.0,4.0,3.0,0.8793716942984235
143,2.0,67.0,5.0,8.0,1.0,4.0,2.0,0.42974843174750704
144,2.0,64.0,4.0,7.0,1.0,4.0,3.0,1.4591975709525216
145,2.0,63.0,1.0,3.0,1.0,4.0,2.0,1.0049968492802874
146,1.0,67.0,2.0,5.0,2.0,6.0,3.0,1.294670653431638
147,2.0,26.0,5.0,4.0,9.0,5.0,3.0,0.9277795491182947
148,1.0,37.0,2.0,5.0,8.0,5.0,1.0,0.331683089321067
149,1.0,48.0,7.0,1.0,2.0,5.0,3.0,0.9818527693209425
150,1.0,69.0,1.0,1.0,1.0,3.0,3.0,1.238818148143993
151,2.0,62.0,1.0,7.0,1.0,4.0,3.0,1.6033455386882853
152,2.0,50.0,3.0,1.0,7.0,4.0,3.0,1.0669277842580558
153,2.0,56.0,2.0,5.0,2.0,6.0,5.0,0.7982652885740574
154,2.0,38.0,3.0,1.0,6.0,4.0,1.0,0.9422178006355619
155,1.0,49.0,1.0,1.0,7.0,5.0,3.0,0.7108819617445633
156,1.0,18.0,2.0,3.0,3.0,3.0,3.0,1.2857976389333705
157,1.0,36.0,2.0,3.0,5.0,4.0,3.0,0.5100861448945057
158,1.0,55.0,2.0,1.0,7.0,6.0,2.0,0.3497451179751836
159,2.0,64.0,3.0,5.0,2.0,5.0,3.0,0.7792703465901359
160,1.0,73.0,3.0,6.0,1.0,5.0,3.0,0.4375197551645844
161,2.0,70.0,1.0,1.0,1.0,4.0,3.0,0.9338496427512092
162,2.0,40.0,5.0,5.0,7.0,5.0,3.0,0.953309261529238
163,1.0,41.0,5.0,6.0,9.0,2.0,3.0,0.7992095828580726
164,2.0,67.0,3.0,7.0,1.0,3.0,3.0,0.7544151843126221
165,2.0,50.0,1.0,5.0,7.0,5.0,3.0,2.9102419432243303
166,1.0,28.0,1.0,1.0,7.0,6.0,4.0,0.9232606856621589
167,1.0,32.0,1.0,3.0,7.0,5.0,3.0,1.173286187165073
168,1.0,40.0,1.0,1.0,8.0,6.0,3.0,0.6249000379814011
169,1.0,72.0,3.0,6.0,1.0,5.0,5.0,0.4375197551645844
170,2.0,48.0,1.0,5.0,9.0,5.0,2.0,2.9102419432243303
171,2.0,19.0,1.0,7.0,4.0,4.0,3.0,1.1901343835173381
172,1.0,39.0,1.0,2.0,7.0,5.0,3.0,0.6249000379814011
173,1.0,33.0,4.0,1.0,7.0,5.0,3.0,1.08820268488182
174,1.0,34.0,1.0,6.0,9.0,5.0,4.0,0.7171649041480034
175,2.0,20.0,1.0,7.0,4.0,5.0,4.0,0.8768442093926307
176,2.0,31.0,1.0,1.0,7.0,5.0,2.0,1.5438436401139382
177,2.0,38.0,6.0,7.0,7.0,5.0,3.0,0.886209811213776
178,1.0,47.0,7.0,1.0,7.0,5.0,3.0,1.1011927728313888
179,2.0,38.0,3.0,1.0,7.0,6.0,2.0,0.5499750628817031
180,2.0,50.0,7.0,3.0,7.0,5.0,3.0,2.186664438881857
181,1.0,47.0,7.0,5.0,7.0,4.0,3.0,1.3547387957687622
182,2.0,67.0,1.0,1.0,1.0,4.0,2.0,0.9338496427512092
183,1.0,30.0,1.0,1.0,7.0,6.0,3.0,0.9232606856621589
184,2.0,29.0,3.0,3.0,6.0,5.0,3.0,2.053374332635791
185,1.0,38.0,1.0,1.0,7.0,4.0,3.0,0.8756734912745251
186,1.0,24.0,2.0,5.0,7.0,5.0,3.0,0.4463266864408951
187,1.0,28.0,1.0,2.0,7.0,6.0,1.0,0.9232606856621589
188,1.0,27.0,1.0,1.0,4.0,5.0,3.0,0.9232606856621589
189,1.0,25.0,1.0,1.0,9.0,5.0,3.0,0.9232606856621589
190,1.0,31.0,3.0,1.0,7.0,6.0,2.0,0.5447270238411921
191,1.0,38.0,1.0,1.0,7.0,5.0,2.0,0.6249000379814011
192,1.0,39.0,3.0,6.0,8.0,5.0,2.0,0.6015027380207826
193,1.0,47.0,1.0,7.0,7.0,4.0,2.0,1.099996660686022
194,2.0,19.0,1.0,1.0,3.0,5.0,3.0,1.3489375270476693
195,2.0,35.0,1.0,6.0,6.0,5.0,2.0,3.467410301590966
196,2.0,51.0,1.0,2.0,7.0,5.0,3.0,1.0019294383931403
197,1.0,23.0,1.0,5.0,7.0,5.0,2.0,0.6292564778230256
198,1.0,55.0,3.0,3.0,2.0,6.0,3.0,0.6754445826510794
199,1.0,50.0,3.0,7.0,2.0,4.0,1.0,0.44153249842197767
200,1.0,30.0,2.0,1.0,7.0,5.0,4.0,0.5556711957647759
201,1.0,36.0,1.0,1.0,7.0,6.0,3.0,0.36124693662694457
202,1.0,36.0,3.0,1.0,7.0,5.0,3.0,0.4707822879497229
203,2.0,29.0,1.0,1.0,7.0,5.0,2.0,1.5438436401139382
204,1.0,38.0,2.0,5.0,7.0,5.0,3.0,0.331683089321067
205,1.0,35.0,1.0,1.0,7.0,5.0,2.0,0.6249000379814011
206,2.0,59.0,2.0,7.0,2.0,5.0,3.0,0.661218261968666
207,2.0,29.0,1.0,1.0,6.0,5.0,3.0,1.5438436401139382
208,1.0,37.0,1.0,3.0,7.0,5.0,4.0,0.31875240234922675
209,1.0,53.0,2.0,1.0,2.0,6.0,2.0,0.3497451179751836
210,2.0,40.0,2.0,5.0,6.0,5.0,3.0,0.7693909207353476
211,1.0,30.0,4.0,7.0,9.0,5.0,3.0,2.319232225594553
212,1.0,39.0,3.0,1.0,9.0,5.0,5.0,0.6311584196896433
213,2.0,20.0,1.0,5.0,5.0,4.0,99.0,1.112317401953519
214,2.0,25.0,1.0,7.0,7.0,6.0,3.0,0.9158541942718498
215,1.0,28.0,3.0,8.0,8.0,4.0,3.0,1.508281947154698
216,2.0,23.0,3.0,1.0,4.0,5.0,3.0,0.5283535407228834
217,1.0,40.0,3.0,7.0,7.0,5.0,2.0,1.0520850546659692
218,2.0,80.0,1.0,5.0,1.0,4.0,3.0,1.8453758165546303
219,2.0,64.0,7.0,4.0,2.0,5.0,3.0,0.45045701338431304
220,2.0,36.0,7.0,5.0,6.0,4.0,4.0,1.762140467635892
221,2.0,60.0,3.0,5.0,1.0,5.0,3.0,0.7792703465901359
222,1.0,28.0,5.0,5.0,7.0,5.0,3.0,1.1970654644718275
223,2.0,63.0,2.0,1.0,1.0,5.0,3.0,0.6287906132781964
224,2.0,55.0,3.0,6.0,2.0,6.0,2.0,1.1468897339595974
225,2.0,59.0,7.0,4.0,2.0,4.0,2.0,1.489737931974035
226,2.0,41.0,1.0,5.0,7.0,5.0,3.0,0.5581043166093229
227,1.0,70.0,4.0,5.0,1.0,5.0,1.0,0.6599979048999143
228,2.0,63.0,1.0,2.0,2.0,6.0,3.0,0.6664158308307181
229,2.0,37.0,6.0,5.0,7.0,5.0,3.0,0.953309261529238
230,1.0,47.0,3.0,4.0,9.0,5.0,3.0,0.3228317086063248
231,1.0,61.0,2.0,7.0,1.0,4.0,3.0,0.4068188773196084
232,1.0,70.0,7.0,5.0,1.0,4.0,3.0,0.7688400424391483
233,2.0,67.0,7.0,3.0,1.0,5.0,3.0,0.6679610280488694
234,1.0,51.0,4.0,8.0,99.0,5.0,4.0,1.189776488160938
235,1.0,40.0,1.0,5.0,5.0,3.0,1.0,0.6053650667093167
236,2.0,63.0,3.0,1.0,1.0,5.0,2.0,1.2434108968027489
237,1.0,33.0,5.0,5.0,7.0,4.0,2.0,1.5782019261455684
238,1.0,58.0,7.0,5.0,2.0,5.0,3.0,1.0275687787022478
239,1.0,73.0,4.0,3.0,1.0,5.0,3.0,0.41672837912398003
240,2.0,74.0,1.0,1.0,2.0,4.0,3.0,0.9338496427512092
241,2.0,64.0,3.0,1.0,1.0,4.0,3.0,1.4401028035051318
242,2.0,73.0,2.0,6.0,1.0,5.0,3.0,0.3995416518441703
243,2.0,70.0,7.0,5.0,1.0,5.0,2.0,0.7737114280035966
244,2.0,70.0,7.0,3.0,2.0,5.0,3.0,0.6679610280488694
245,1.0,42.0,5.0,6.0,8.0,5.0,1.0,0.6280528859253103
246,2.0,62.0,3.0,2.0,1.0,5.0,3.0,0.6903475572807624
247,2.0,49.0,2.0,7.0,7.0,3.0,3.0,0.8974668249489581
248,2.0,55.0,4.0,7.0,1.0,5.0,3.0,1.0409665128190433
249,1.0,35.0,1.0,7.0,7.0,6.0,4.0,0.34438705872369996
250,2.0,63.0,1.0,1.0,1.0,5.0,3.0,0.6664158308307181
251,2.0,70.0,3.0,7.0,1.0,5.0,3.0,0.5558234389358436
252,2.0,78.0,7.0,8.0,1.0,5.0,2.0,1.4584238195857817
253,2.0,34.0,3.0,3.0,7.0,5.0,3.0,2.053374332635791
254,2.0,74.0,1.0,1.0,1.0,5.0,2.0,0.6664158308307181
255,2.0,84.0,1.0,3.0,1.0,5.0,3.0,0.6418149521488908
256,1.0,40.0,3.0,3.0,8.0,5.0,2.0,0.5491053092731413
257,1.0,39.0,3.0,3.0,7.0,5.0,4.0,0.5491053092731413
258,1.0,50.0,1.0,2.0,7.0,6.0,3.0,0.7108819617445633
259,1.0,39.0,7.0,4.0,9.0,6.0,2.0,0.2816869941038371
260,1.0,34.0,3.0,3.0,7.0,5.0,3.0,0.7534390978297563
261,1.0,30.0,1.0,1.0,7.0,5.0,2.0,0.9232606856621589
262,2.0,27.0,1.0,5.0,8.0,5.0,3.0,0.7770928647347793
263,1.0,38.0,1.0,1.0,8.0,5.0,3.0,0.6249000379814011
264,1.0,46.0,7.0,7.0,7.0,5.0,2.0,0.7644050620286851
265,1.0,46.0,1.0,7.0,7.0,6.0,3.0,0.8104342800543227
266,1.0,41.0,1.0,3.0,7.0,5.0,3.0,0.31875240234922675
267,1.0,42.0,2.0,1.0,8.0,6.0,3.0,0.386266835125065
268,1.0,29.0,5.0,2.0,7.0,6.0,4.0,1.08820268488182
269,1.0,34.0,1.0,5.0,8.0,6.0,3.0,0.39671710763413026
270,2.0,76.0,3.0,6.0,1.0,4.0,2.0,1.0505181742753296
271,1.0,22.0,4.0,6.0,7.0,4.0,3.0,2.436925828916879
272,2.0,77.0,1.0,1.0,1.0,5.0,3.0,0.6664158308307181
273,1.0,72.0,1.0,1.0,1.0,5.0,3.0,0.8840481247188247
274,1.0,64.0,7.0,5.0,1.0,4.0,2.0,0.7688400424391483
275,1.0,45.0,5.0,1.0,7.0,4.0,3.0,0.8865798712228009
276,1.0,42.0,2.0,5.0,7.0,5.0,99.0,0.331683089321067
277,2.0,70.0,5.0,8.0,1.0,4.0,3.0,0.42974843174750704
278,1.0,58.0,4.0,5.0,5.0,3.0,3.0,1.1104399740861948
279,2.0,28.0,5.0,8.0,7.0,4.0,3.0,0.6717800021044199
280,2.0,73.0,3.0,8.0,1.0,5.0,3.0,0.7501759657114552
281,2.0,74.0,1.0,6.0,1.0,4.0,4.0,0.6758701246514711
282,2.0,20.0,3.0,8.0,7.0,5.0,3.0,1.292864768333023
283,2.0,54.0,4.0,7.0,2.0,5.0,3.0,1.0409665128190433
284,2.0,47.0,1.0,1.0,5.0,5.0,3.0,1.0019294383931403
285,1.0,31.0,1.0,2.0,7.0,5.0,2.0,0.9232606856621589
286,2.0,23.0,2.0,5.0,5.0,6.0,3.0,4.009969401808288
287,1.0,42.0,1.0,3.0,9.0,4.0,3.0,0.49912386582601853
288,2.0,62.0,3.0,8.0,1.0,5.0,3.0,0.7501759657114552
289,1.0,26.0,1.0,3.0,7.0,5.0,3.0,1.173286187165073
290,1.0,55.0,2.0,1.0,5.0,5.0,3.0,0.6638838222476207
291,2.0,43.0,7.0,8.0,6.0,4.0,3.0,0.6960597706527909
292,2.0,34.0,7.0,5.0,6.0,6.0,2.0,1.063299614596226
293,2.0,41.0,4.0,1.0,7.0,5.0,3.0,1.0431833714554997
294,2.0,59.0,7.0,5.0,1.0,3.0,3.0,1.5102712539954948
295,2.0,46.0,3.0,1.0,9.0,4.0,3.0,1.9146390596763079
296,1.0,22.0,7.0,7.0,5.0,5.0,3.0,1.4297811909131577
297,1.0,22.0,1.0,7.0,4.0,5.0,2.0,0.6866584597338495
298,1.0,34.0,6.0,1.0,7.0,4.0,3.0,0.993995849569573
299,1.0,42.0,1.0,1.0,7.0,5.0,3.0,0.6249000379814011
300,1.0,38.0,7.0,8.0,9.0,3.0,3.0,0.32594422206375145
301,1.0,35.0,7.0,6.0,7.0,999.0,99.0,1.2902878155027915
302,1.0,37.0,2.0,5.0,7.0,4.0,2.0,0.43728844075155426
303,1.0,36.0,1.0,5.0,7.0,5.0,3.0,0.45916913593258823
304,1.0,41.0,5.0,3.0,9.0,4.0,3.0,0.947559094162389
305,1.0,52.0,1.0,1.0,5.0,5.0,3.0,0.7108819617445633
306,1.0,55.0,1.0,2.0,1.0,3.0,3.0,0.9961601080003022
307,1.0,57.0,4.0,7.0,2.0,4.0,3.0,0.6213829301944551
308,1.0,59.0,3.0,5.0,2.0,4.0,3.0,0.9642132663147532
309,1.0,51.0,3.0,5.0,1.0,2.0,2.0,0.9642132663147532
310,1.0,57.0,7.0,4.0,9.0,3.0,2.0,1.4547908077409426
311,1.0,54.0,2.0,4.0,7.0,4.0,3.0,0.7254211409897513
312,1.0,47.0,1.0,3.0,7.0,5.0,3.0,0.267729231329486
313,1.0,63.0,1.0,1.0,2.0,6.0,2.0,0.8840481247188247
314,1.0,78.0,1.0,2.0,1.0,5.0,3.0,0.8840481247188247
315,1.0,64.0,4.0,7.0,1.0,5.0,3.0,0.7250650571745281
316,1.0,63.0,6.0,7.0,2.0,5.0,2.0,0.7250650571745281
317,1.0,65.0,1.0,7.0,1.0,3.0,3.0,1.0700729281531236
318,1.0,61.0,7.0,6.0,5.0,5.0,3.0,0.5783476096664766
319,1.0,89.0,4.0,6.0,1.0,2.0,3.0,0.7798807079248288
320,1.0,61.0,7.0,5.0,1.0,5.0,3.0,0.5831648328770753
321,1.0,85.0,7.0,5.0,1.0,4.0,3.0,0.7688400424391483
322,1.0,84.0,3.0,5.0,1.0,4.0,3.0,0.6829436861775027
323,1.0,75.0,1.0,5.0,1.0,4.0,2.0,1.7901902524791073
324,1.0,74.0,1.0,3.0,1.0,4.0,3.0,0.845876377479147
325,1.0,61.0,7.0,2.0,2.0,4.0,2.0,2.2702871900101473
326,1.0,63.0,5.0,2.0,1.0,3.0,3.0,0.3140588203146553
327,2.0,33.0,1.0,5.0,5.0,5.0,2.0,0.7770928647347793
328,2.0,33.0,1.0,5.0,6.0,4.0,3.0,1.024513272095379
329,2.0,43.0,1.0,1.0,7.0,5.0,3.0,1.1432058076892346
330,2.0,40.0,6.0,6.0,7.0,4.0,3.0,1.461894799942013
331,2.0,38.0,2.0,3.0,6.0,5.0,3.0,0.8748482948257625
332,2.0,41.0,1.0,3.0,7.0,5.0,2.0,0.7352446009804207
333,2.0,41.0,2.0,1.0,9.0,6.0,3.0,0.6725570461870631
334,2.0,56.0,1.0,1.0,1.0,5.0,5.0,1.0019294383931403
335,2.0,49.0,1.0,1.0,7.0,5.0,3.0,1.0019294383931403
336,2.0,54.0,7.0,7.0,5.0,4.0,3.0,0.7482695014763957
337,2.0,50.0,7.0,7.0,1.0,4.0,5.0,0.7482695014763957
338,2.0,46.0,1.0,7.0,7.0,5.0,3.0,0.9878232624470089
339,2.0,54.0,5.0,6.0,7.0,3.0,3.0,0.8793716942984235
340,2.0,59.0,1.0,6.0,1.0,5.0,3.0,0.7219218547441455
341,2.0,56.0,4.0,5.0,7.0,4.0,3.0,1.3908383825301902
342,2.0,58.0,7.0,4.0,1.0,5.0,3.0,0.6010877224160908
343,2.0,58.0,7.0,1.0,1.0,4.0,3.0,0.9974546238175888
344,2.0,49.0,3.0,1.0,7.0,4.0,3.0,1.0669277842580558
345,2.0,87.0,1.0,1.0,1.0,6.0,3.0,0.6664158308307181
346,2.0,70.0,1.0,1.0,1.0,5.0,3.0,0.6664158308307181
347,2.0,70.0,1.0,1.0,1.0,5.0,3.0,0.6664158308307181
348,2.0,63.0,1.0,1.0,1.0,4.0,3.0,0.9338496427512092
349,2.0,84.0,1.0,1.0,1.0,4.0,3.0,0.9338496427512092
350,2.0,72.0,1.0,1.0,1.0,4.0,4.0,0.9338496427512092
351,2.0,67.0,7.0,8.0,1.0,4.0,2.0,1.083473112250956
352,2.0,70.0,7.0,7.0,1.0,2.0,3.0,1.5875014637680211
353,2.0,72.0,5.0,7.0,1.0,3.0,3.0,1.4591975709525216
354,2.0,64.0,1.0,7.0,1.0,4.0,4.0,1.6033455386882853
355,2.0,76.0,1.0,7.0,1.0,4.0,4.0,1.6033455386882853
356,2.0,65.0,2.0,6.0,1.0,4.0,2.0,0.5084245675176767
357,2.0,71.0,7.0,5.0,1.0,4.0,3.0,1.0200552118466466
358,2.0,74.0,4.0,5.0,1.0,4.0,3.0,1.4101488292568771
359,2.0,71.0,2.0,5.0,1.0,4.0,2.0,1.0836006808749992
360,2.0,63.0,7.0,4.0,1.0,4.0,2.0,1.1164142512593476
361,2.0,69.0,3.0,4.0,1.0,4.0,3.0,0.5549641399603856
362,2.0,60.0,3.0,4.0,2.0,4.0,3.0,0.5549641399603856
363,2.0,61.0,7.0,3.0,1.0,4.0,3.0,1.0459381265324668
364,2.0,63.0,7.0,3.0,1.0,4.0,3.0,1.0459381265324668
365,2.0,81.0,3.0,3.0,1.0,5.0,2.0,0.5079590871264903
366,2.0,69.0,3.0,3.0,1.0,4.0,3.0,0.7953963684021289
367,2.0,74.0,7.0,1.0,1.0,4.0,2.0,0.8778216926300408
368,2.0,67.0,7.0,1.0,1.0,4.0,3.0,0.8778216926300408
369,2.0,70.0,4.0,1.0,1.0,5.0,2.0,1.1617243901035645
370,2.0,63.0,3.0,1.0,2.0,5.0,4.0,1.2434108968027489
371,2.0,61.0,3.0,1.0,5.0,4.0,4.0,1.4401028035051318
372,2.0,72.0,3.0,1.0,1.0,3.0,2.0,1.4401028035051318
373,1.0,66.0,4.0,2.0,2.0,5.0,3.0,0.812712973200712
374,1.0,62.0,2.0,8.0,7.0,5.0,3.0,0.7117116267916527
375,1.0,69.0,5.0,6.0,9.0,3.0,3.0,0.7798807079248288
376,1.0,34.0,7.0,5.0,7.0,6.0,3.0,2.4091312293235454
377,1.0,44.0,1.0,7.0,9.0,4.0,3.0,0.46743409540149106
378,2.0,68.0,2.0,3.0,2.0,4.0,5.0,0.8062415900065317
379,1.0,53.0,3.0,1.0,99.0,4.0,3.0,0.7476629033263047
380,2.0,53.0,5.0,2.0,2.0,4.0,3.0,0.5175206413896681
381,2.0,76.0,3.0,5.0,1.0,3.0,3.0,1.0273840474708817
382,1.0,31.0,4.0,1.0,7.0,4.0,3.0,0.993995849569573
383,1.0,42.0,1.0,6.0,7.0,5.0,3.0,0.19463437427779703
384,1.0,59.0,3.0,7.0,2.0,5.0,3.0,0.32530378070060334
385,2.0,72.0,7.0,5.0,1.0,4.0,2.0,1.0200552118466466
386,2.0,66.0,5.0,1.0,1.0,4.0,3.0,1.3454945226797648
387,1.0,39.0,1.0,2.0,7.0,3.0,2.0,0.8756734912745251
388,1.0,34.0,3.0,1.0,1.0,5.0,3.0,0.5447270238411921
389,1.0,50.0,5.0,6.0,2.0,6.0,3.0,1.0970163309144256
390,2.0,61.0,5.0,6.0,1.0,5.0,3.0,0.8404347284019278
391,2.0,38.0,2.0,7.0,5.0,5.0,2.0,0.9474428878211718
392,2.0,60.0,3.0,2.0,2.0,5.0,3.0,0.6903475572807624
393,2.0,78.0,4.0,3.0,1.0,5.0,3.0,0.5427006433812185
394,1.0,60.0,2.0,4.0,2.0,4.0,3.0,0.2637492014930014
395,2.0,35.0,1.0,5.0,9.0,5.0,3.0,0.5581043166093229
396,1.0,41.0,3.0,1.0,8.0,6.0,3.0,0.6311584196896433
397,2.0,57.0,4.0,4.0,1.0,4.0,3.0,0.5876698494682541
398,1.0,51.0,2.0,3.0,2.0,4.0,3.0,0.8313688725124575
399,2.0,74.0,1.0,6.0,1.0,4.0,3.0,0.6758701246514711
400,1.0,32.0,5.0,1.0,9.0,4.0,3.0,0.993995849569573
401,2.0,55.0,7.0,4.0,2.0,6.0,3.0,0.6010877224160908
402,2.0,70.0,1.0,2.0,1.0,5.0,3.0,0.6664158308307181
403,2.0,68.0,7.0,5.0,1.0,5.0,3.0,0.7737114280035966
404,2.0,64.0,2.0,5.0,1.0,4.0,3.0,1.0836006808749992
405,2.0,48.0,1.0,1.0,7.0,5.0,3.0,0.7086317200594936
406,2.0,72.0,1.0,1.0,1.0,5.0,3.0,0.6664158308307181
407,1.0,42.0,1.0,1.0,5.0,4.0,3.0,0.8756734912745251
408,2.0,70.0,5.0,7.0,1.0,6.0,2.0,1.075079384454126
409,2.0,56.0,4.0,5.0,99.0,5.0,3.0,1.0549502993289213
410,1.0,36.0,4.0,1.0,7.0,5.0,3.0,0.8568562418038671
411,2.0,31.0,1.0,2.0,9.0,5.0,3.0,1.5438436401139382
412,2.0,31.0,3.0,2.0,8.0,5.0,2.0,1.1258929519398766
413,2.0,41.0,1.0,1.0,7.0,5.0,3.0,1.1432058076892346
414,2.0,36.0,3.0,1.0,9.0,5.0,3.0,0.8135279492687988
415,2.0,47.0,6.0,5.0,9.0,3.0,2.0,1.3908383825301902
416,2.0,73.0,7.0,3.0,1.0,4.0,3.0,1.0459381265324668
417,2.0,40.0,1.0,5.0,7.0,5.0,4.0,0.5581043166093229
418,2.0,63.0,7.0,1.0,1.0,2.0,4.0,0.8778216926300408
419,2.0,41.0,7.0,3.0,7.0,4.0,2.0,1.1694974245042398
420,2.0,30.0,1.0,7.0,6.0,5.0,3.0,0.9158541942718498
421,1.0,44.0,2.0,3.0,7.0,5.0,3.0,0.32575317515843755
422,1.0,49.0,7.0,4.0,7.0,3.0,3.0,1.4547908077409426
423,2.0,64.0,2.0,3.0,1.0,4.0,1.0,0.8062415900065317
424,2.0,69.0,4.0,7.0,1.0,5.0,3.0,1.075079384454126
425,2.0,49.0,3.0,4.0,7.0,6.0,3.0,1.2017991315516885
426,1.0,30.0,2.0,3.0,7.0,5.0,3.0,0.36006365614929736
427,1.0,39.0,5.0,1.0,9.0,4.0,3.0,1.200714116140114
428,1.0,50.0,7.0,7.0,1.0,3.0,3.0,1.037521531772674
429,1.0,49.0,1.0,5.0,5.0,4.0,3.0,1.538727772872961
430,1.0,47.0,5.0,2.0,7.0,4.0,2.0,0.7307210402601935
431,1.0,60.0,1.0,1.0,1.0,6.0,3.0,0.8840481247188247
432,1.0,70.0,6.0,5.0,1.0,3.0,2.0,0.8701361752380568
433,1.0,74.0,3.0,5.0,1.0,6.0,4.0,0.5180124845613501
434,1.0,75.0,2.0,7.0,1.0,4.0,2.0,0.4068188773196084
435,1.0,69.0,5.0,3.0,1.0,5.0,5.0,0.41672837912398003
436,1.0,62.0,3.0,4.0,5.0,4.0,4.0,0.4583118050127055
437,1.0,63.0,7.0,5.0,1.0,4.0,3.0,0.7688400424391483
438,1.0,60.0,3.0,1.0,2.0,6.0,2.0,1.6661996766984533
439,2.0,53.0,1.0,7.0,7.0,4.0,4.0,1.3407654596827372
440,2.0,40.0,3.0,1.0,7.0,5.0,2.0,0.5499750628817031
441,2.0,51.0,1.0,2.0,7.0,6.0,4.0,1.0019294383931403
442,1.0,38.0,3.0,3.0,8.0,6.0,3.0,0.5491053092731413
443,2.0,21.0,2.0,7.0,4.0,5.0,4.0,0.8955427815556534
444,2.0,62.0,5.0,5.0,1.0,5.0,2.0,1.0695972646488123
445,2.0,73.0,7.0,1.0,1.0,4.0,3.0,0.8778216926300408
446,1.0,77.0,1.0,2.0,1.0,5.0,3.0,0.8840481247188247
447,1.0,22.0,1.0,2.0,4.0,5.0,3.0,0.9926624775282089
448,1.0,39.0,3.0,1.0,7.0,5.0,3.0,0.4707822879497229
449,1.0,60.0,5.0,2.0,7.0,3.0,2.0,1.1388560783988124
450,1.0,20.0,1.0,1.0,4.0,5.0,2.0,0.9926624775282089
451,1.0,23.0,1.0,1.0,4.0,5.0,3.0,0.9926624775282089
452,1.0,18.0,3.0,5.0,4.0,3.0,2.0,0.6387162881381376
453,1.0,33.0,1.0,6.0,7.0,5.0,2.0,0.7171649041480034
454,1.0,34.0,3.0,4.0,7.0,5.0,3.0,0.7038438272480954
455,1.0,30.0,5.0,1.0,7.0,5.0,3.0,0.8582340564321451
456,1.0,35.0,3.0,1.0,7.0,5.0,2.0,0.6311584196896433
457,1.0,39.0,1.0,1.0,7.0,5.0,2.0,0.6249000379814011
458,1.0,40.0,2.0,7.0,7.0,5.0,3.0,0.38857937511904167
459,1.0,39.0,1.0,7.0,7.0,5.0,3.0,0.34438705872369996
460,1.0,44.0,1.0,6.0,1.0,5.0,2.0,0.19463437427779703
461,1.0,38.0,1.0,6.0,7.0,4.0,3.0,0.2476760485659148
462,1.0,39.0,2.0,5.0,9.0,4.0,3.0,0.43728844075155426
463,1.0,41.0,1.0,5.0,7.0,4.0,3.0,0.6053650667093167
464,1.0,44.0,4.0,3.0,7.0,3.0,3.0,0.947559094162389
465,1.0,41.0,3.0,3.0,7.0,6.0,4.0,0.5491053092731413
466,1.0,37.0,7.0,2.0,7.0,4.0,3.0,0.7814496195170884
467,1.0,39.0,3.0,1.0,7.0,5.0,3.0,0.4707822879497229
468,1.0,45.0,3.0,1.0,7.0,5.0,3.0,0.5410583561851114
469,1.0,47.0,1.0,1.0,7.0,5.0,3.0,0.7108819617445633
470,1.0,53.0,1.0,1.0,8.0,5.0,3.0,0.7108819617445633
471,1.0,47.0,7.0,8.0,8.0,3.0,2.0,1.488835844127711
472,1.0,53.0,7.0,5.0,1.0,4.0,3.0,1.3547387957687622
473,1.0,54.0,2.0,5.0,7.0,4.0,3.0,0.6559509732893687
474,1.0,59.0,7.0,4.0,8.0,3.0,3.0,1.4547908077409426
475,1.0,55.0,3.0,4.0,7.0,6.0,1.0,0.3228317086063248
476,1.0,50.0,7.0,3.0,8.0,5.0,2.0,1.1306067332169034
477,1.0,46.0,4.0,3.0,7.0,3.0,2.0,0.7521437953257275
478,1.0,46.0,5.0,2.0,7.0,4.0,1.0,0.7307210402601935
479,1.0,47.0,5.0,1.0,1.0,3.0,2.0,0.8865798712228009
480,1.0,57.0,3.0,1.0,2.0,5.0,3.0,0.6455457199780354
481,1.0,63.0,5.0,1.0,1.0,6.0,3.0,0.812712973200712
482,1.0,68.0,1.0,1.0,1.0,5.0,2.0,0.8840481247188247
483,1.0,62.0,2.0,7.0,2.0,4.0,3.0,0.4068188773196084
484,1.0,72.0,7.0,5.0,9.0,4.0,4.0,0.7688400424391483
485,1.0,65.0,6.0,5.0,1.0,5.0,4.0,0.6599979048999143
486,1.0,73.0,7.0,4.0,1.0,3.0,4.0,2.4521266443265257
487,1.0,71.0,3.0,3.0,1.0,5.0,3.0,0.6754240711648395
488,1.0,63.0,4.0,1.0,1.0,4.0,3.0,2.239182299492566
489,2.0,20.0,3.0,1.0,4.0,5.0,2.0,0.5283535407228834
490,2.0,33.0,3.0,1.0,7.0,5.0,3.0,1.6958327852306252
491,2.0,35.0,3.0,1.0,6.0,5.0,2.0,0.5499750628817031
492,2.0,40.0,3.0,1.0,5.0,4.0,2.0,0.7706809956089036
493,2.0,38.0,1.0,2.0,7.0,5.0,3.0,1.1432058076892346
494,2.0,39.0,1.0,1.0,7.0,5.0,3.0,1.1432058076892346
495,2.0,35.0,4.0,7.0,7.0,4.0,3.0,1.2028462479857118
496,2.0,41.0,6.0,5.0,7.0,5.0,2.0,0.953309261529238
497,2.0,37.0,2.0,5.0,7.0,4.0,3.0,1.0143590882050837
498,2.0,38.0,2.0,5.0,9.0,4.0,2.0,1.0143590882050837
499,2.0,43.0,5.0,1.0,9.0,5.0,3.0,1.0431833714554997
500,2.0,44.0,3.0,1.0,6.0,5.0,3.0,0.8135279492687988
501,2.0,35.0,1.0,1.0,6.0,5.0,4.0,0.42321558573894896
502,2.0,54.0,1.0,1.0,7.0,6.0,3.0,1.0019294383931403
503,2.0,59.0,2.0,6.0,2.0,4.0,3.0,0.4013698599809239
504,2.0,54.0,2.0,5.0,7.0,6.0,2.0,0.7982652885740574
505,2.0,47.0,2.0,5.0,7.0,4.0,3.0,1.0524268332798228
506,2.0,57.0,4.0,4.0,7.0,5.0,3.0,0.2371162898976493
507,2.0,49.0,3.0,4.0,2.0,5.0,2.0,1.2017991315516885
508,2.0,51.0,5.0,3.0,99.0,2.0,1.0,1.3873579698729852
509,2.0,49.0,5.0,1.0,5.0,4.0,4.0,1.3149522612207043
510,2.0,51.0,5.0,1.0,7.0,4.0,3.0,1.3149522612207043
511,2.0,57.0,3.0,1.0,7.0,5.0,3.0,0.9212048124752865
512,2.0,46.0,1.0,1.0,7.0,4.0,3.0,0.8207283122050921
513,2.0,61.0,1.0,1.0,2.0,6.0,3.0,0.6664158308307181
514,2.0,72.0,3.0,7.0,1.0,5.0,2.0,0.5558234389358436
515,2.0,70.0,2.0,7.0,1.0,5.0,3.0,1.1482076304878321
516,2.0,82.0,3.0,6.0,1.0,3.0,3.0,1.0505181742753296
517,2.0,60.0,7.0,5.0,1.0,4.0,3.0,1.0200552118466466
518,2.0,73.0,7.0,5.0,1.0,3.0,3.0,1.0200552118466466
519,2.0,65.0,3.0,5.0,1.0,4.0,3.0,1.0273840474708817
520,2.0,82.0,1.0,5.0,1.0,5.0,3.0,1.3997167424349553
521,2.0,62.0,6.0,4.0,1.0,4.0,3.0,0.6830448283977215
522,2.0,61.0,7.0,3.0,2.0,5.0,3.0,0.6679610280488694
523,2.0,66.0,6.0,3.0,1.0,5.0,2.0,0.5427006433812185
524,2.0,60.0,5.0,3.0,1.0,4.0,3.0,0.8497970246320824
525,2.0,76.0,1.0,3.0,1.0,5.0,3.0,0.6418149521488908
526,2.0,63.0,1.0,3.0,2.0,4.0,3.0,1.0049968492802874
527,2.0,73.0,1.0,1.0,1.0,5.0,3.0,2.3003197373200024
528,2.0,33.0,1.0,6.0,7.0,5.0,2.0,0.7840933151363187
529,2.0,44.0,7.0,3.0,7.0,5.0,3.0,0.7468689420110821
530,1.0,21.0,1.0,1.0,3.0,5.0,3.0,0.9926624775282089
531,1.0,31.0,7.0,5.0,7.0,5.0,3.0,2.4091312293235454
532,1.0,59.0,1.0,1.0,5.0,5.0,2.0,0.7108819617445633
533,1.0,51.0,2.0,5.0,7.0,4.0,3.0,0.6559509732893687
534,2.0,57.0,3.0,6.0,5.0,5.0,3.0,1.1468897339595974
535,2.0,60.0,5.0,1.0,2.0,6.0,4.0,1.1617243901035645
536,1.0,40.0,7.0,4.0,7.0,4.0,3.0,0.6981340400257672
537,1.0,58.0,1.0,5.0,7.0,5.0,3.0,1.1671243366357256
538,1.0,54.0,3.0,2.0,8.0,4.0,3.0,1.2048171272833406
539,2.0,40.0,1.0,1.0,9.0,6.0,2.0,1.1432058076892346
540,2.0,50.0,1.0,1.0,7.0,5.0,2.0,1.0019294383931403
541,2.0,60.0,2.0,8.0,1.0,5.0,3.0,1.3435466005224637
542,2.0,63.0,1.0,5.0,1.0,5.0,3.0,1.3997167424349553
543,1.0,39.0,1.0,5.0,7.0,6.0,1.0,0.45916913593258823
544,1.0,42.0,3.0,4.0,99.0,5.0,3.0,0.43083226286656306
545,1.0,52.0,2.0,7.0,8.0,4.0,3.0,0.6230046429122827
546,2.0,32.0,4.0,7.0,6.0,4.0,3.0,2.762790921979116
547,2.0,44.0,1.0,5.0,7.0,6.0,3.0,0.5581043166093229
548,2.0,53.0,1.0,6.0,7.0,4.0,3.0,0.9186596818771865
549,2.0,74.0,5.0,5.0,1.0,6.0,3.0,1.0695972646488123
550,1.0,43.0,7.0,5.0,9.0,3.0,3.0,1.7502037985849266
551,1.0,67.0,7.0,3.0,1.0,6.0,2.0,1.0024619661297116
552,2.0,55.0,7.0,1.0,5.0,4.0,3.0,0.9974546238175888
553,2.0,67.0,7.0,5.0,1.0,4.0,3.0,1.0200552118466466
554,1.0,42.0,1.0,1.0,7.0,5.0,2.0,0.6249000379814011
555,2.0,44.0,6.0,6.0,7.0,5.0,3.0,1.1488191179332174
556,2.0,42.0,1.0,3.0,7.0,5.0,3.0,0.7352446009804207
557,2.0,73.0,1.0,1.0,1.0,4.0,2.0,0.9338496427512092
558,1.0,53.0,1.0,1.0,9.0,4.0,3.0,0.9961601080003022
559,2.0,80.0,2.0,1.0,1.0,4.0,3.0,0.7282573502677703
560,2.0,44.0,1.0,1.0,8.0,5.0,2.0,1.1432058076892346
561,2.0,56.0,1.0,2.0,7.0,6.0,3.0,1.0019294383931403
562,2.0,45.0,5.0,4.0,7.0,4.0,5.0,0.5876698494682541
563,2.0,55.0,1.0,1.0,5.0,5.0,2.0,1.0019294383931403
564,2.0,48.0,3.0,7.0,5.0,3.0,5.0,1.297487368106297
565,1.0,32.0,1.0,1.0,7.0,5.0,3.0,0.9232606856621589
566,1.0,79.0,5.0,1.0,2.0,5.0,3.0,0.812712973200712
567,2.0,61.0,1.0,1.0,1.0,5.0,3.0,0.6664158308307181
568,2.0,38.0,3.0,3.0,5.0,5.0,3.0,0.8103281941540795
569,2.0,49.0,5.0,2.0,7.0,4.0,3.0,1.1618454476737765
570,1.0,38.0,4.0,3.0,7.0,5.0,3.0,0.6051338321245506
571,2.0,31.0,2.0,7.0,8.0,5.0,3.0,0.8358465069315557
572,1.0,35.0,3.0,6.0,7.0,5.0,4.0,0.6015027380207826
573,1.0,30.0,3.0,5.0,7.0,6.0,2.0,0.8955745265370376
574,1.0,39.0,3.0,3.0,9.0,4.0,3.0,0.8598258795543999
575,1.0,50.0,1.0,1.0,7.0,6.0,3.0,0.7108819617445633
576,1.0,66.0,1.0,1.0,2.0,5.0,2.0,0.8840481247188247
577,2.0,35.0,3.0,3.0,7.0,5.0,3.0,0.8103281941540795
578,2.0,39.0,3.0,1.0,9.0,3.0,3.0,0.9422178006355619
579,2.0,72.0,3.0,5.0,1.0,5.0,99.0,0.7792703465901359
580,2.0,67.0,7.0,4.0,1.0,5.0,3.0,0.45045701338431304
581,1.0,52.0,2.0,1.0,8.0,6.0,3.0,0.3497451179751836
582,2.0,37.0,7.0,7.0,7.0,5.0,3.0,0.7613286914061599
583,2.0,78.0,5.0,1.0,1.0,4.0,3.0,1.4056557721640792
584,1.0,31.0,3.0,3.0,7.0,4.0,3.0,1.1797854146405558
585,1.0,43.0,1.0,7.0,7.0,5.0,3.0,0.34438705872369996
586,1.0,43.0,2.0,5.0,7.0,4.0,3.0,0.43728844075155426
587,1.0,70.0,3.0,6.0,1.0,6.0,3.0,0.4375197551645844
588,1.0,77.0,1.0,5.0,1.0,4.0,2.0,1.7901902524791073
589,1.0,69.0,6.0,1.0,2.0,5.0,2.0,1.9333506360380965
590,2.0,41.0,1.0,1.0,1.0,5.0,3.0,1.1432058076892346
591,2.0,73.0,3.0,3.0,1.0,5.0,3.0,0.5079590871264903
592,2.0,73.0,5.0,1.0,1.0,4.0,4.0,1.3454945226797648
593,1.0,23.0,1.0,1.0,4.0,5.0,3.0,0.9926624775282089
594,1.0,30.0,1.0,7.0,5.0,5.0,3.0,2.21858921624475
595,1.0,35.0,2.0,7.0,7.0,6.0,2.0,0.38857937511904167
596,1.0,35.0,7.0,6.0,8.0,6.0,2.0,1.0139630499709633
597,1.0,39.0,4.0,3.0,8.0,4.0,3.0,0.947559094162389
598,1.0,50.0,3.0,1.0,2.0,5.0,3.0,0.5410583561851114
599,1.0,46.0,3.0,1.0,2.0,4.0,3.0,0.7581859992749334
600,1.0,49.0,7.0,7.0,8.0,3.0,5.0,1.037521531772674
601,1.0,48.0,2.0,3.0,1.0,5.0,2.0,0.5309319860174472
602,1.0,64.0,1.0,1.0,2.0,5.0,4.0,0.8840481247188247
603,1.0,60.0,3.0,6.0,5.0,4.0,3.0,0.5567524468932019
604,2.0,23.0,3.0,1.0,3.0,5.0,2.0,0.5283535407228834
605,2.0,32.0,1.0,1.0,7.0,5.0,3.0,1.5438436401139382
606,2.0,43.0,7.0,8.0,7.0,5.0,3.0,0.9369407859752364
607,2.0,39.0,2.0,3.0,7.0,5.0,4.0,0.8748482948257625
608,2.0,37.0,1.0,3.0,7.0,3.0,4.0,1.151295252567204
609,2.0,67.0,7.0,7.0,1.0,4.0,3.0,1.5875014637680211
610,2.0,72.0,1.0,5.0,1.0,5.0,3.0,1.3997167424349553
611,2.0,26.0,4.0,3.0,8.0,4.0,2.0,3.930492484919386
612,1.0,67.0,5.0,8.0,1.0,4.0,3.0,0.6579091976657829
613,1.0,30.0,4.0,1.0,5.0,5.0,1.0,1.08820268488182
614,2.0,38.0,7.0,7.0,7.0,4.0,3.0,1.0333459958962998
615,1.0,37.0,6.0,5.0,7.0,5.0,2.0,1.10362669465452
616,2.0,44.0,1.0,7.0,7.0,5.0,3.0,2.5761935077078255
617,1.0,30.0,3.0,1.0,7.0,4.0,3.0,1.0386958677484748
618,1.0,27.0,1.0,1.0,7.0,5.0,3.0,0.9232606856621589
619,1.0,41.0,4.0,1.0,1.0,4.0,3.0,1.200714116140114
620,1.0,41.0,3.0,1.0,7.0,6.0,3.0,0.6311584196896433
621,1.0,36.0,1.0,1.0,7.0,6.0,3.0,0.6249000379814011
622,1.0,41.0,3.0,1.0,7.0,6.0,4.0,0.4707822879497229
623,1.0,45.0,1.0,1.0,8.0,5.0,2.0,0.7108819617445633
624,1.0,49.0,1.0,1.0,7.0,6.0,2.0,0.7108819617445633
625,1.0,55.0,5.0,6.0,7.0,5.0,3.0,1.0970163309144256
626,2.0,37.0,2.0,1.0,7.0,5.0,3.0,0.7309076779022651
627,2.0,35.0,1.0,1.0,5.0,5.0,3.0,1.1432058076892346
628,2.0,41.0,7.0,1.0,6.0,4.0,3.0,4.880866146413478
629,2.0,45.0,4.0,2.0,5.0,6.0,5.0,0.8291186973390368
630,2.0,46.0,1.0,1.0,2.0,4.0,4.0,1.404005434473279
631,2.0,57.0,3.0,2.0,2.0,4.0,3.0,0.5627890136792786
632,2.0,49.0,3.0,1.0,7.0,5.0,4.0,0.9212048124752865
633,2.0,77.0,1.0,1.0,1.0,4.0,3.0,0.9338496427512092
634,2.0,66.0,1.0,2.0,1.0,4.0,4.0,0.9338496427512092
635,2.0,65.0,2.0,5.0,1.0,5.0,3.0,0.8219106382170107
636,2.0,60.0,1.0,1.0,2.0,5.0,3.0,0.6664158308307181
637,1.0,68.0,3.0,5.0,1.0,4.0,4.0,0.6829436861775027
638,1.0,32.0,3.0,1.0,7.0,5.0,3.0,0.7412364239351605
639,1.0,28.0,1.0,1.0,7.0,5.0,3.0,0.9232606856621589
640,1.0,33.0,3.0,1.0,9.0,5.0,3.0,0.5447270238411921
641,1.0,50.0,4.0,5.0,7.0,4.0,2.0,1.1104399740861948
642,2.0,31.0,2.0,7.0,7.0,3.0,2.0,1.1344884947477283
643,2.0,48.0,1.0,2.0,5.0,4.0,3.0,1.404005434473279
644,2.0,21.0,3.0,6.0,3.0,5.0,2.0,1.1950884277027987
645,2.0,34.0,2.0,1.0,8.0,5.0,3.0,0.3228878072574341
646,1.0,75.0,3.0,3.0,1.0,5.0,3.0,0.6754240711648395
647,2.0,65.0,3.0,1.0,1.0,5.0,3.0,1.5543209293932962
648,1.0,74.0,1.0,1.0,1.0,4.0,3.0,1.238818148143993
649,2.0,30.0,1.0,1.0,7.0,5.0,3.0,1.5438436401139382
650,2.0,54.0,5.0,1.0,7.0,6.0,3.0,1.135353647251901
651,1.0,33.0,1.0,1.0,7.0,4.0,3.0,1.293766776814243
652,1.0,45.0,5.0,4.0,7.0,5.0,3.0,0.6536452329860518
653,1.0,37.0,1.0,5.0,6.0,5.0,3.0,0.45916913593258823
654,2.0,75.0,1.0,3.0,1.0,5.0,2.0,0.6418149521488908
655,1.0,25.0,2.0,6.0,3.0,4.0,3.0,1.1207106222017638
656,2.0,24.0,1.0,1.0,7.0,5.0,2.0,1.3489375270476693
657,2.0,63.0,1.0,1.0,1.0,5.0,3.0,0.6664158308307181
658,1.0,37.0,1.0,7.0,7.0,5.0,2.0,0.34438705872369996
659,1.0,44.0,3.0,6.0,7.0,5.0,4.0,0.6015027380207826
660,2.0,61.0,1.0,2.0,2.0,4.0,3.0,0.9338496427512092
661,2.0,65.0,1.0,6.0,1.0,5.0,3.0,0.5311274932165535
662,1.0,49.0,4.0,5.0,8.0,4.0,4.0,1.1104399740861948
663,1.0,45.0,1.0,3.0,7.0,4.0,4.0,0.41922836644034356
664,2.0,38.0,3.0,1.0,7.0,5.0,3.0,0.8135279492687988
665,2.0,45.0,6.0,1.0,7.0,6.0,4.0,1.135353647251901
666,2.0,56.0,4.0,1.0,1.0,5.0,3.0,1.135353647251901
667,1.0,49.0,1.0,2.0,7.0,6.0,3.0,0.7108819617445633
668,1.0,63.0,5.0,5.0,1.0,4.0,3.0,0.8701361752380568
669,2.0,47.0,5.0,6.0,2.0,4.0,3.0,0.8793716942984235
670,1.0,40.0,3.0,1.0,7.0,4.0,4.0,0.5452541026142447
671,2.0,57.0,5.0,1.0,8.0,5.0,2.0,1.135353647251901
672,1.0,38.0,2.0,4.0,1.0,5.0,3.0,0.6864998619387845
673,1.0,63.0,1.0,1.0,1.0,2.0,3.0,1.238818148143993
674,1.0,70.0,5.0,6.0,1.0,5.0,3.0,0.6128634338167651
675,1.0,61.0,6.0,4.0,1.0,4.0,4.0,1.0571473733798475
676,2.0,52.0,3.0,8.0,7.0,5.0,5.0,0.9965967436224495
677,2.0,51.0,7.0,1.0,7.0,4.0,3.0,0.9974546238175888
678,1.0,41.0,1.0,5.0,8.0,6.0,2.0,0.45916913593258823
679,1.0,60.0,1.0,7.0,1.0,4.0,3.0,1.0700729281531236
680,1.0,30.0,1.0,1.0,7.0,4.0,3.0,1.293766776814243
681,1.0,58.0,2.0,5.0,2.0,3.0,3.0,0.6559509732893687
682,2.0,30.0,1.0,1.0,7.0,6.0,2.0,1.5438436401139382
683,2.0,71.0,7.0,5.0,1.0,4.0,3.0,1.0200552118466466
684,2.0,44.0,3.0,8.0,6.0,4.0,3.0,1.5753642555752925
685,1.0,50.0,3.0,1.0,7.0,2.0,5.0,0.7476629033263047
686,1.0,63.0,5.0,6.0,1.0,4.0,3.0,0.7798807079248288
687,2.0,57.0,1.0,7.0,9.0,5.0,3.0,0.9878232624470089
688,2.0,64.0,4.0,1.0,1.0,5.0,3.0,1.0031071559967208
689,2.0,68.0,1.0,2.0,1.0,5.0,3.0,0.6664158308307181
690,2.0,72.0,7.0,5.0,1.0,4.0,3.0,1.0200552118466466
691,1.0,75.0,3.0,8.0,2.0,6.0,3.0,0.8150541918768761
692,1.0,72.0,1.0,6.0,1.0,4.0,3.0,0.7031271716366706
693,2.0,64.0,1.0,6.0,1.0,3.0,3.0,0.6758701246514711
694,2.0,55.0,7.0,4.0,2.0,4.0,3.0,1.489737931974035
695,2.0,67.0,3.0,2.0,1.0,4.0,1.0,0.28779173291505267
696,1.0,68.0,3.0,4.0,1.0,4.0,4.0,0.4583118050127055
697,1.0,70.0,5.0,4.0,1.0,5.0,3.0,0.4265436848218218
698,2.0,70.0,4.0,4.0,1.0,4.0,3.0,0.6830448283977215
699,2.0,59.0,4.0,4.0,1.0,6.0,3.0,0.2371162898976493
700,1.0,42.0,1.0,1.0,99.0,4.0,3.0,0.8756734912745251
701,1.0,57.0,5.0,7.0,1.0,3.0,4.0,0.6213829301944551
702,1.0,60.0,1.0,7.0,7.0,4.0,2.0,1.0700729281531236
703,1.0,28.0,2.0,4.0,9.0,4.0,3.0,0.3610153914781458
704,1.0,38.0,3.0,6.0,9.0,5.0,3.0,0.6015027380207826
705,1.0,38.0,3.0,4.0,7.0,6.0,2.0,0.43083226286656306
706,2.0,57.0,3.0,5.0,2.0,5.0,3.0,1.2721074247129798
707,2.0,60.0,7.0,4.0,1.0,4.0,3.0,1.1164142512593476
708,1.0,28.0,2.0,7.0,7.0,4.0,4.0,0.6406694628813827
709,1.0,28.0,5.0,4.0,8.0,5.0,2.0,2.507816377178113
710,1.0,40.0,1.0,1.0,9.0,5.0,4.0,0.6249000379814011
711,1.0,46.0,1.0,2.0,7.0,5.0,3.0,0.7108819617445633
712,2.0,31.0,4.0,1.0,6.0,4.0,3.0,3.5287352291435545
713,2.0,57.0,1.0,6.0,1.0,4.0,3.0,0.9186596818771865
714,2.0,68.0,7.0,4.0,1.0,2.0,3.0,1.1164142512593476
715,2.0,62.0,3.0,4.0,1.0,3.0,3.0,0.5549641399603856
716,1.0,37.0,7.0,5.0,7.0,5.0,4.0,1.3275288088073056
717,1.0,36.0,7.0,5.0,9.0,4.0,2.0,1.7502037985849266
718,1.0,40.0,7.0,4.0,5.0,3.0,3.0,0.6981340400257672
719,2.0,40.0,3.0,1.0,5.0,5.0,3.0,0.5499750628817031
720,2.0,37.0,2.0,3.0,7.0,5.0,3.0,0.8748482948257625
721,2.0,51.0,4.0,6.0,7.0,5.0,2.0,0.6910476829245343
722,2.0,77.0,1.0,1.0,1.0,1.0,3.0,0.9338496427512092
723,2.0,47.0,3.0,2.0,8.0,5.0,2.0,1.3500041051304934
724,2.0,71.0,1.0,5.0,1.0,5.0,2.0,1.3997167424349553
725,2.0,50.0,3.0,5.0,8.0,5.0,2.0,1.2721074247129798
726,2.0,53.0,1.0,1.0,2.0,5.0,3.0,1.0019294383931403
727,2.0,38.0,2.0,5.0,7.0,5.0,3.0,0.7693909207353476
728,1.0,44.0,1.0,6.0,1.0,5.0,3.0,0.19463437427779703
729,1.0,59.0,5.0,2.0,9.0,4.0,3.0,0.7307210402601935
730,1.0,53.0,1.0,1.0,1.0,6.0,4.0,0.7108819617445633
731,2.0,68.0,7.0,2.0,1.0,4.0,3.0,1.0450754799521456
732,1.0,22.0,7.0,2.0,3.0,3.0,4.0,1.5700091361724229
733,1.0,18.0,3.0,1.0,4.0,4.0,3.0,1.933821690086577
734,1.0,23.0,1.0,1.0,4.0,5.0,3.0,0.9926624775282089
735,1.0,21.0,1.0,1.0,9.0,5.0,3.0,0.9926624775282089
736,1.0,23.0,1.0,1.0,4.0,5.0,3.0,0.9926624775282089
737,1.0,19.0,7.0,7.0,4.0,3.0,3.0,1.9406317997934852
738,1.0,20.0,4.0,7.0,7.0,4.0,1.0,2.8034527051991227
739,1.0,18.0,3.0,7.0,4.0,3.0,2.0,1.25122129680923
740,1.0,21.0,1.0,7.0,3.0,3.0,3.0,0.9319966236971287
741,1.0,21.0,1.0,7.0,7.0,4.0,3.0,0.9319966236971287
742,1.0,24.0,7.0,6.0,7.0,4.0,4.0,0.8429480014904841
743,1.0,21.0,7.0,6.0,4.0,3.0,2.0,0.8429480014904841
744,1.0,22.0,1.0,6.0,9.0,4.0,3.0,1.730230325180573
745,1.0,20.0,7.0,5.0,7.0,2.0,3.0,5.613107985446146
746,1.0,20.0,5.0,5.0,4.0,3.0,3.0,1.402969237761389
747,1.0,22.0,4.0,5.0,7.0,3.0,2.0,1.402969237761389
748,1.0,23.0,3.0,5.0,3.0,5.0,3.0,0.48446602266741773
749,1.0,20.0,3.0,5.0,4.0,3.0,2.0,0.6387162881381376
750,1.0,23.0,2.0,5.0,5.0,5.0,4.0,0.4463266864408951
751,1.0,22.0,2.0,5.0,4.0,5.0,3.0,0.4463266864408951
752,1.0,18.0,2.0,5.0,4.0,2.0,3.0,0.5884336798088017
753,1.0,21.0,2.0,5.0,3.0,4.0,2.0,0.5884336798088017
754,1.0,22.0,2.0,5.0,7.0,4.0,2.0,0.5884336798088017
755,1.0,23.0,1.0,5.0,7.0,4.0,3.0,0.8296069135851738
756,1.0,23.0,1.0,5.0,7.0,4.0,4.0,0.8296069135851738
757,1.0,21.0,2.0,4.0,4.0,5.0,4.0,0.5791416062237027
758,1.0,18.0,3.0,3.0,9.0,2.0,3.0,2.01599960061058
759,1.0,20.0,5.0,2.0,4.0,4.0,3.0,1.690626965317526
760,1.0,23.0,3.0,2.0,7.0,4.0,2.0,2.0974900466658104
761,1.0,22.0,3.0,1.0,7.0,4.0,2.0,0.8961717705223865
762,1.0,19.0,3.0,1.0,4.0,4.0,3.0,0.8961717705223865
763,1.0,19.0,3.0,1.0,9.0,3.0,4.0,0.8961717705223865
764,1.0,18.0,3.0,1.0,3.0,3.0,2.0,0.8961717705223865
765,1.0,22.0,2.0,1.0,5.0,2.0,2.0,0.7367983714542085
766,1.0,34.0,4.0,2.0,7.0,6.0,2.0,1.08820268488182
767,1.0,33.0,3.0,1.0,8.0,6.0,1.0,0.7412364239351605
768,1.0,33.0,3.0,1.0,7.0,5.0,2.0,0.7412364239351605
769,1.0,31.0,1.0,1.0,9.0,5.0,3.0,0.9232606856621589
770,1.0,26.0,1.0,1.0,7.0,5.0,2.0,0.9232606856621589
771,1.0,33.0,1.0,2.0,7.0,5.0,1.0,0.9232606856621589
772,1.0,27.0,1.0,2.0,6.0,4.0,3.0,1.293766776814243
773,1.0,27.0,5.0,8.0,9.0,4.0,3.0,2.8387538138723394
774,1.0,28.0,3.0,8.0,7.0,3.0,2.0,1.508281947154698
775,1.0,32.0,2.0,8.0,7.0,5.0,3.0,1.476769043228376
776,1.0,33.0,4.0,7.0,7.0,6.0,3.0,2.319232225594553
777,1.0,27.0,2.0,7.0,7.0,5.0,2.0,0.47202006466023905
778,1.0,27.0,2.0,7.0,7.0,5.0,3.0,0.47202006466023905
779,1.0,31.0,2.0,7.0,5.0,5.0,2.0,0.47202006466023905
780,1.0,25.0,2.0,7.0,4.0,4.0,3.0,0.6406694628813827
781,1.0,30.0,2.0,7.0,7.0,4.0,3.0,0.6406694628813827
782,1.0,28.0,1.0,7.0,7.0,5.0,3.0,2.21858921624475
783,1.0,26.0,3.0,6.0,7.0,6.0,2.0,1.430170685421475
784,1.0,25.0,3.0,6.0,5.0,2.0,3.0,1.8199201731675032
785,1.0,31.0,1.0,6.0,7.0,5.0,3.0,0.7171649041480034
786,1.0,30.0,7.0,5.0,7.0,4.0,3.0,3.1761801332506328
787,1.0,34.0,5.0,5.0,8.0,5.0,2.0,1.1970654644718275
788,1.0,34.0,5.0,5.0,7.0,4.0,2.0,1.5782019261455684
789,1.0,34.0,4.0,5.0,7.0,4.0,3.0,1.5782019261455684
790,1.0,30.0,3.0,5.0,7.0,5.0,3.0,0.8955745265370376
791,1.0,33.0,3.0,5.0,7.0,3.0,3.0,1.180718586189671
792,1.0,33.0,3.0,5.0,7.0,3.0,3.0,1.180718586189671
793,1.0,31.0,2.0,5.0,7.0,5.0,3.0,1.12300457040801
794,1.0,31.0,2.0,5.0,5.0,5.0,3.0,1.12300457040801
795,1.0,29.0,2.0,5.0,7.0,3.0,3.0,1.4805606115035563
796,1.0,34.0,2.0,5.0,7.0,4.0,3.0,1.4805606115035563
797,1.0,26.0,1.0,5.0,4.0,5.0,3.0,0.39671710763413026
798,1.0,34.0,1.0,5.0,4.0,6.0,2.0,0.39671710763413026
799,1.0,26.0,1.0,5.0,7.0,6.0,2.0,0.39671710763413026
800,1.0,30.0,1.0,5.0,4.0,5.0,2.0,0.39671710763413026
801,1.0,33.0,1.0,5.0,7.0,5.0,3.0,0.39671710763413026
802,1.0,32.0,1.0,5.0,7.0,6.0,3.0,0.39671710763413026
803,1.0,30.0,1.0,5.0,9.0,5.0,3.0,0.39671710763413026
804,1.0,25.0,1.0,5.0,7.0,4.0,3.0,0.523028791645353
805,1.0,31.0,1.0,5.0,7.0,4.0,3.0,0.523028791645353
806,1.0,25.0,1.0,5.0,9.0,3.0,2.0,0.523028791645353
807,1.0,25.0,7.0,4.0,7.0,5.0,3.0,6.662232816077751
808,1.0,30.0,3.0,4.0,7.0,5.0,3.0,0.7038438272480954
809,1.0,34.0,3.0,4.0,7.0,2.0,3.0,1.7444090247303958
810,1.0,34.0,2.0,4.0,7.0,5.0,2.0,0.14566449223267428
811,1.0,27.0,2.0,4.0,9.0,4.0,3.0,0.3610153914781458
812,1.0,32.0,7.0,3.0,7.0,5.0,2.0,2.4489568921519074
813,1.0,33.0,7.0,3.0,5.0,2.0,3.0,3.834740765068613
814,1.0,25.0,5.0,3.0,7.0,4.0,3.0,1.6342891796751986
815,1.0,32.0,4.0,3.0,9.0,3.0,3.0,1.6342891796751986
816,1.0,34.0,3.0,3.0,7.0,5.0,3.0,0.7534390978297563
817,1.0,32.0,3.0,3.0,99.0,5.0,3.0,0.7534390978297563
818,1.0,32.0,2.0,3.0,8.0,5.0,3.0,0.36006365614929736
819,1.0,29.0,2.0,3.0,7.0,6.0,2.0,0.36006365614929736
820,1.0,32.0,2.0,3.0,7.0,4.0,3.0,0.5638117945972041
821,1.0,34.0,2.0,3.0,9.0,4.0,1.0,0.5638117945972041
822,1.0,29.0,6.0,2.0,6.0,3.0,3.0,1.2216330135794633
823,1.0,27.0,5.0,2.0,7.0,4.0,3.0,1.2216330135794633
824,1.0,29.0,3.0,2.0,9.0,4.0,3.0,1.526526477641604
825,1.0,31.0,3.0,2.0,7.0,4.0,3.0,1.526526477641604
826,1.0,31.0,7.0,1.0,9.0,4.0,3.0,5.017087215537957
827,1.0,34.0,5.0,1.0,7.0,5.0,3.0,0.8582340564321451
828,1.0,32.0,3.0,1.0,7.0,5.0,3.0,0.5447270238411921
829,1.0,34.0,3.0,1.0,4.0,5.0,3.0,0.5447270238411921
830,1.0,30.0,3.0,1.0,5.0,2.0,3.0,0.6308959622244266
831,1.0,25.0,3.0,1.0,9.0,4.0,4.0,0.6308959622244266
832,1.0,30.0,3.0,1.0,1.0,4.0,4.0,0.6308959622244266
833,1.0,32.0,3.0,1.0,9.0,4.0,3.0,0.6308959622244266
834,1.0,30.0,3.0,1.0,9.0,4.0,3.0,0.6308959622244266
835,1.0,28.0,2.0,1.0,7.0,5.0,3.0,0.5541019525782329
836,1.0,42.0,7.0,2.0,9.0,4.0,3.0,2.8855359881481113
837,1.0,37.0,5.0,1.0,7.0,5.0,3.0,0.8568562418038671
838,1.0,40.0,3.0,1.0,8.0,6.0,3.0,0.6311584196896433
839,1.0,40.0,3.0,1.0,7.0,5.0,1.0,0.6311584196896433
840,1.0,40.0,1.0,1.0,8.0,5.0,1.0,0.6249000379814011
841,1.0,35.0,1.0,1.0,7.0,5.0,2.0,0.6249000379814011
842,1.0,42.0,1.0,1.0,5.0,5.0,3.0,0.6249000379814011
843,1.0,42.0,1.0,1.0,7.0,6.0,1.0,0.6249000379814011
844,1.0,43.0,1.0,1.0,9.0,5.0,2.0,0.6249000379814011
845,1.0,42.0,1.0,1.0,8.0,5.0,3.0,0.6249000379814011
846,1.0,35.0,1.0,2.0,7.0,6.0,4.0,0.6249000379814011
847,1.0,40.0,1.0,1.0,7.0,5.0,3.0,0.6249000379814011
848,1.0,40.0,1.0,1.0,3.0,5.0,1.0,0.6249000379814011
849,1.0,41.0,1.0,1.0,9.0,4.0,3.0,0.8756734912745251
850,1.0,44.0,1.0,1.0,99.0,4.0,3.0,0.8756734912745251
851,1.0,43.0,1.0,2.0,7.0,4.0,3.0,0.8756734912745251
852,1.0,41.0,7.0,8.0,7.0,5.0,3.0,0.43874168351676424
853,1.0,37.0,7.0,8.0,7.0,6.0,3.0,0.43874168351676424
854,1.0,41.0,7.0,8.0,1.0,2.0,3.0,0.32594422206375145
855,1.0,40.0,7.0,8.0,7.0,4.0,3.0,0.32594422206375145
856,1.0,36.0,7.0,8.0,1.0,2.0,5.0,0.32594422206375145
857,1.0,36.0,7.0,8.0,7.0,4.0,2.0,0.32594422206375145
858,1.0,43.0,6.0,8.0,5.0,5.0,4.0,1.6340256335591323
859,1.0,43.0,6.0,8.0,7.0,3.0,3.0,1.2139289107284226
860,1.0,35.0,3.0,8.0,9.0,4.0,2.0,0.9817675139712245
861,1.0,40.0,3.0,8.0,6.0,4.0,3.0,0.9817675139712245
862,1.0,44.0,3.0,8.0,7.0,4.0,3.0,0.9817675139712245
863,1.0,39.0,2.0,8.0,7.0,5.0,4.0,0.7184857547256822
864,1.0,39.0,2.0,8.0,2.0,5.0,3.0,0.7184857547256822
865,1.0,42.0,7.0,7.0,1.0,1.0,4.0,4.646392232078086
866,1.0,38.0,5.0,7.0,7.0,4.0,2.0,4.782934246781706
867,1.0,42.0,3.0,7.0,7.0,5.0,3.0,1.0520850546659692
868,1.0,37.0,2.0,7.0,7.0,5.0,3.0,0.38857937511904167
869,1.0,44.0,2.0,7.0,7.0,5.0,3.0,0.38857937511904167
870,1.0,38.0,2.0,7.0,7.0,5.0,3.0,0.38857937511904167
871,1.0,40.0,2.0,7.0,5.0,2.0,2.0,0.5274160108500794
872,1.0,42.0,2.0,7.0,9.0,4.0,3.0,0.5274160108500794
873,1.0,35.0,1.0,7.0,7.0,5.0,3.0,0.34438705872369996
874,1.0,36.0,1.0,7.0,5.0,4.0,2.0,0.46743409540149106
875,1.0,39.0,1.0,7.0,99.0,4.0,3.0,0.46743409540149106
876,1.0,39.0,1.0,7.0,7.0,4.0,3.0,0.46743409540149106
877,1.0,35.0,5.0,6.0,7.0,5.0,2.0,0.6280528859253103
878,1.0,35.0,5.0,6.0,7.0,3.0,1.0,0.7992095828580726
879,1.0,41.0,4.0,6.0,7.0,4.0,4.0,0.7992095828580726
880,1.0,42.0,5.0,6.0,7.0,4.0,3.0,0.7992095828580726
881,1.0,44.0,3.0,6.0,7.0,5.0,2.0,0.6015027380207826
882,1.0,44.0,3.0,6.0,7.0,5.0,3.0,0.6015027380207826
883,1.0,39.0,1.0,6.0,7.0,5.0,3.0,0.19463437427779703
884,1.0,44.0,1.0,6.0,7.0,5.0,2.0,0.19463437427779703
885,1.0,39.0,1.0,6.0,7.0,5.0,3.0,0.19463437427779703
886,1.0,39.0,1.0,6.0,5.0,5.0,3.0,0.19463437427779703
887,1.0,36.0,1.0,6.0,7.0,4.0,3.0,0.2476760485659148
888,1.0,42.0,1.0,6.0,5.0,4.0,3.0,0.2476760485659148
889,1.0,39.0,1.0,6.0,7.0,4.0,3.0,0.2476760485659148
890,1.0,38.0,1.0,6.0,7.0,3.0,4.0,0.2476760485659148
891,1.0,38.0,1.0,6.0,9.0,4.0,3.0,0.2476760485659148
892,1.0,38.0,7.0,5.0,7.0,5.0,2.0,1.3275288088073056
893,1.0,35.0,7.0,5.0,7.0,4.0,3.0,1.7502037985849266
894,1.0,36.0,5.0,5.0,7.0,5.0,2.0,1.10362669465452
895,1.0,38.0,4.0,5.0,7.0,5.0,3.0,1.10362669465452
896,1.0,35.0,4.0,5.0,5.0,4.0,4.0,1.45501296875015
897,1.0,40.0,5.0,5.0,9.0,4.0,3.0,1.45501296875015
898,1.0,37.0,3.0,5.0,7.0,4.0,2.0,1.369964922063648
899,1.0,39.0,3.0,5.0,7.0,3.0,4.0,1.369964922063648
900,1.0,35.0,3.0,5.0,7.0,4.0,5.0,1.369964922063648
901,1.0,36.0,2.0,5.0,7.0,6.0,3.0,0.331683089321067
902,1.0,43.0,2.0,5.0,7.0,2.0,1.0,0.43728844075155426
903,1.0,40.0,2.0,5.0,7.0,4.0,3.0,0.43728844075155426
904,1.0,36.0,2.0,5.0,7.0,4.0,4.0,0.43728844075155426
905,1.0,40.0,2.0,5.0,7.0,4.0,3.0,0.43728844075155426
906,1.0,44.0,1.0,5.0,5.0,5.0,3.0,0.45916913593258823
907,1.0,36.0,1.0,5.0,7.0,5.0,2.0,0.45916913593258823
908,1.0,37.0,1.0,5.0,7.0,5.0,3.0,0.45916913593258823
909,1.0,36.0,1.0,5.0,7.0,5.0,3.0,0.45916913593258823
910,1.0,38.0,1.0,5.0,7.0,4.0,1.0,0.6053650667093167
911,1.0,37.0,1.0,5.0,9.0,4.0,3.0,0.6053650667093167
912,1.0,37.0,7.0,4.0,5.0,5.0,3.0,0.2816869941038371
913,1.0,43.0,7.0,4.0,7.0,5.0,4.0,0.2816869941038371
914,1.0,35.0,7.0,4.0,8.0,6.0,3.0,0.2816869941038371
915,1.0,40.0,7.0,4.0,2.0,4.0,3.0,0.6981340400257672
916,1.0,36.0,7.0,4.0,9.0,4.0,3.0,0.6981340400257672
917,1.0,44.0,7.0,4.0,5.0,4.0,3.0,0.6981340400257672
918,1.0,44.0,4.0,4.0,9.0,5.0,3.0,2.2047611058867758
919,1.0,40.0,3.0,4.0,7.0,5.0,3.0,0.43083226286656306
920,1.0,36.0,3.0,4.0,5.0,4.0,2.0,1.0677762003367546
921,1.0,39.0,7.0,3.0,9.0,5.0,3.0,0.8486806450633997
922,1.0,42.0,7.0,3.0,7.0,3.0,3.0,1.328921009830283
923,1.0,42.0,7.0,3.0,7.0,4.0,4.0,1.328921009830283
924,1.0,39.0,3.0,3.0,7.0,5.0,2.0,0.5491053092731413
925,1.0,37.0,2.0,3.0,9.0,5.0,2.0,0.32575317515843755
926,1.0,44.0,2.0,3.0,9.0,5.0,3.0,0.32575317515843755
927,1.0,35.0,2.0,3.0,7.0,5.0,2.0,0.32575317515843755
928,1.0,38.0,2.0,3.0,8.0,4.0,3.0,0.5100861448945057
929,1.0,38.0,1.0,3.0,8.0,5.0,3.0,0.31875240234922675
930,1.0,35.0,1.0,3.0,7.0,5.0,2.0,0.31875240234922675
931,1.0,40.0,1.0,3.0,8.0,5.0,1.0,0.31875240234922675
932,1.0,36.0,1.0,3.0,5.0,6.0,3.0,0.31875240234922675
933,1.0,43.0,7.0,2.0,7.0,4.0,5.0,0.7814496195170884
934,1.0,39.0,3.0,2.0,7.0,2.0,2.0,1.6980827577525786
935,1.0,39.0,3.0,2.0,7.0,4.0,4.0,1.6980827577525786
936,1.0,39.0,7.0,1.0,1.0,2.0,3.0,2.6935109762141773
937,1.0,41.0,7.0,1.0,6.0,2.0,4.0,2.6935109762141773
938,1.0,41.0,5.0,1.0,5.0,5.0,3.0,0.6645917790561254
939,1.0,36.0,5.0,1.0,5.0,4.0,4.0,0.7697218085076969
940,1.0,40.0,5.0,1.0,7.0,3.0,3.0,0.7697218085076969
941,1.0,40.0,6.0,1.0,7.0,4.0,2.0,0.7697218085076969
942,1.0,37.0,5.0,1.0,7.0,4.0,3.0,0.7697218085076969
943,1.0,40.0,6.0,1.0,9.0,4.0,1.0,0.7697218085076969
944,1.0,35.0,3.0,1.0,8.0,6.0,2.0,0.4707822879497229
945,1.0,39.0,3.0,1.0,8.0,5.0,3.0,0.4707822879497229
946,1.0,44.0,3.0,1.0,7.0,5.0,3.0,0.4707822879497229
947,1.0,39.0,3.0,1.0,7.0,5.0,2.0,0.4707822879497229
948,1.0,36.0,3.0,1.0,7.0,5.0,2.0,0.4707822879497229
949,1.0,38.0,3.0,1.0,5.0,5.0,3.0,0.4707822879497229
950,1.0,44.0,3.0,1.0,9.0,4.0,3.0,0.5452541026142447
951,1.0,35.0,2.0,1.0,7.0,6.0,3.0,0.386266835125065
952,1.0,35.0,2.0,1.0,9.0,4.0,1.0,0.44736937209977223
953,1.0,43.0,1.0,1.0,7.0,5.0,2.0,0.36124693662694457
954,1.0,40.0,1.0,1.0,7.0,4.0,3.0,0.41839164151754393
955,1.0,46.0,7.0,1.0,7.0,5.0,2.0,0.9818527693209425
956,1.0,45.0,7.0,1.0,99.0,5.0,3.0,0.9818527693209425
957,1.0,45.0,4.0,1.0,7.0,5.0,3.0,0.4850670462954553
958,1.0,46.0,6.0,1.0,7.0,5.0,3.0,0.4850670462954553
959,1.0,59.0,5.0,1.0,1.0,5.0,4.0,0.4850670462954553
960,1.0,59.0,6.0,1.0,2.0,5.0,2.0,0.4850670462954553
961,1.0,52.0,5.0,1.0,7.0,5.0,3.0,0.4850670462954553
962,1.0,53.0,5.0,1.0,7.0,4.0,3.0,0.6797252810287163
963,1.0,51.0,4.0,1.0,7.0,3.0,2.0,0.6797252810287163
964,1.0,47.0,5.0,1.0,7.0,4.0,3.0,0.6797252810287163
965,1.0,55.0,4.0,1.0,9.0,4.0,3.0,0.6797252810287163
966,1.0,50.0,3.0,1.0,1.0,5.0,3.0,0.5410583561851114
967,1.0,51.0,3.0,1.0,5.0,4.0,3.0,0.7581859992749334
968,1.0,52.0,3.0,1.0,1.0,4.0,3.0,0.7581859992749334
969,1.0,58.0,1.0,2.0,7.0,6.0,5.0,0.7108819617445633
970,1.0,59.0,1.0,1.0,1.0,5.0,99.0,0.7108819617445633
971,1.0,46.0,1.0,1.0,9.0,5.0,3.0,0.7108819617445633
972,1.0,47.0,1.0,1.0,7.0,5.0,3.0,0.7108819617445633
973,1.0,55.0,1.0,1.0,7.0,4.0,3.0,0.9961601080003022
974,1.0,54.0,1.0,2.0,7.0,4.0,3.0,0.9961601080003022
975,1.0,57.0,1.0,2.0,7.0,4.0,3.0,0.9961601080003022
976,1.0,56.0,1.0,2.0,7.0,4.0,3.0,0.9961601080003022
977,1.0,52.0,1.0,1.0,7.0,4.0,3.0,0.9961601080003022
978,1.0,57.0,1.0,1.0,1.0,4.0,3.0,0.9961601080003022
979,1.0,56.0,1.0,1.0,99.0,4.0,2.0,0.9961601080003022
980,1.0,57.0,7.0,8.0,5.0,2.0,3.0,1.488835844127711
981,1.0,52.0,4.0,8.0,5.0,4.0,2.0,0.883893157255803
982,1.0,45.0,4.0,8.0,7.0,3.0,4.0,0.883893157255803
983,1.0,48.0,3.0,8.0,7.0,4.0,3.0,2.972689839999916
984,1.0,53.0,7.0,7.0,1.0,3.0,2.0,1.037521531772674
985,1.0,56.0,7.0,7.0,7.0,3.0,4.0,1.037521531772674
986,1.0,59.0,7.0,7.0,5.0,4.0,4.0,1.037521531772674
987,1.0,54.0,5.0,7.0,7.0,4.0,3.0,0.6213829301944551
988,1.0,57.0,5.0,7.0,2.0,4.0,3.0,0.6213829301944551
989,1.0,53.0,5.0,7.0,7.0,4.0,3.0,0.6213829301944551
990,1.0,53.0,4.0,7.0,7.0,4.0,4.0,0.6213829301944551
991,1.0,46.0,4.0,7.0,7.0,2.0,4.0,0.6213829301944551
992,1.0,48.0,3.0,7.0,7.0,4.0,3.0,0.44153249842197767
993,1.0,47.0,3.0,7.0,7.0,4.0,3.0,0.44153249842197767
994,1.0,56.0,3.0,7.0,5.0,4.0,3.0,0.44153249842197767
995,1.0,45.0,2.0,7.0,5.0,5.0,3.0,0.4590053200109065
996,1.0,47.0,2.0,7.0,7.0,5.0,4.0,0.4590053200109065
997,1.0,50.0,2.0,7.0,7.0,4.0,3.0,0.6230046429122827
998,1.0,55.0,2.0,7.0,1.0,4.0,4.0,0.6230046429122827
999,1.0,48.0,1.0,7.0,5.0,5.0,4.0,0.8104342800543227
1000,1.0,51.0,1.0,7.0,7.0,5.0,3.0,0.8104342800543227
1001,1.0,59.0,7.0,6.0,1.0,5.0,3.0,0.8656257117508814
1002,1.0,46.0,7.0,6.0,7.0,4.0,3.0,1.1015256509495868
1003,1.0,45.0,7.0,6.0,7.0,3.0,2.0,1.1015256509495868
1004,1.0,45.0,5.0,6.0,7.0,4.0,3.0,1.395974740131799
1005,1.0,55.0,3.0,6.0,2.0,5.0,3.0,1.1862447422815283
1006,1.0,55.0,3.0,6.0,1.0,3.0,3.0,1.5095196390183414
1007,1.0,45.0,1.0,6.0,4.0,5.0,4.0,0.9968307840314488
1008,1.0,45.0,1.0,6.0,7.0,5.0,3.0,0.9968307840314488
1009,1.0,56.0,1.0,6.0,7.0,4.0,3.0,1.2684866719657149
1010,1.0,46.0,7.0,5.0,7.0,3.0,3.0,1.3547387957687622
1011,1.0,50.0,7.0,5.0,7.0,3.0,4.0,1.3547387957687622
1012,1.0,45.0,7.0,5.0,9.0,4.0,2.0,1.3547387957687622
1013,1.0,50.0,7.0,5.0,1.0,4.0,3.0,1.3547387957687622
1014,1.0,46.0,7.0,5.0,7.0,4.0,3.0,1.3547387957687622
1015,1.0,52.0,7.0,5.0,5.0,2.0,2.0,1.3547387957687622
1016,1.0,46.0,4.0,5.0,8.0,5.0,2.0,0.8422682302726879
1017,1.0,46.0,6.0,5.0,7.0,5.0,2.0,0.8422682302726879
1018,1.0,50.0,5.0,5.0,9.0,5.0,3.0,0.8422682302726879
1019,1.0,46.0,6.0,5.0,7.0,6.0,4.0,0.8422682302726879
1020,1.0,45.0,5.0,5.0,2.0,4.0,3.0,1.1104399740861948
1021,1.0,47.0,3.0,5.0,7.0,5.0,3.0,0.7313553369624425
1022,1.0,46.0,3.0,5.0,7.0,5.0,1.0,0.7313553369624425
1023,1.0,46.0,3.0,5.0,5.0,4.0,3.0,0.9642132663147532
1024,1.0,48.0,2.0,5.0,5.0,6.0,1.0,0.4975385237484242
1025,1.0,46.0,2.0,5.0,7.0,5.0,3.0,0.4975385237484242
1026,1.0,51.0,2.0,5.0,5.0,5.0,4.0,0.4975385237484242
1027,1.0,50.0,2.0,5.0,1.0,4.0,3.0,0.6559509732893687
1028,1.0,49.0,2.0,5.0,7.0,4.0,3.0,0.6559509732893687
1029,1.0,54.0,1.0,5.0,8.0,6.0,3.0,1.1671243366357256
1030,1.0,50.0,1.0,5.0,1.0,4.0,3.0,1.538727772872961
1031,1.0,46.0,1.0,5.0,9.0,4.0,3.0,1.538727772872961
1032,1.0,55.0,7.0,4.0,1.0,5.0,2.0,0.5869870629246414
1033,1.0,46.0,7.0,4.0,7.0,2.0,3.0,1.4547908077409426
1034,1.0,51.0,5.0,4.0,5.0,3.0,3.0,1.6199966516023117
1035,1.0,52.0,3.0,4.0,5.0,5.0,4.0,0.3228317086063248
1036,1.0,46.0,3.0,4.0,9.0,4.0,4.0,0.8001072456141657
1037,1.0,58.0,7.0,3.0,5.0,4.0,4.0,1.7703797657778364
1038,1.0,45.0,7.0,3.0,2.0,3.0,2.0,1.7703797657778364
1039,1.0,49.0,7.0,3.0,7.0,4.0,3.0,1.7703797657778364
1040,1.0,52.0,7.0,3.0,1.0,3.0,4.0,1.7703797657778364
1041,1.0,54.0,5.0,3.0,5.0,5.0,4.0,0.48033696260020253
1042,1.0,48.0,5.0,3.0,7.0,6.0,5.0,0.48033696260020253
1043,1.0,59.0,5.0,3.0,9.0,4.0,3.0,0.7521437953257275
1044,1.0,46.0,5.0,3.0,7.0,4.0,3.0,0.7521437953257275
1045,1.0,48.0,3.0,3.0,1.0,4.0,5.0,1.0576563776755057
1046,1.0,52.0,3.0,3.0,7.0,4.0,4.0,1.0576563776755057
1047,1.0,55.0,3.0,3.0,7.0,4.0,3.0,1.0576563776755057
1048,1.0,57.0,2.0,3.0,7.0,5.0,3.0,0.5309319860174472
1049,1.0,49.0,2.0,3.0,7.0,6.0,3.0,0.5309319860174472
1050,1.0,53.0,1.0,3.0,9.0,5.0,3.0,0.267729231329486
1051,1.0,50.0,1.0,3.0,7.0,6.0,1.0,0.267729231329486
1052,1.0,56.0,1.0,3.0,7.0,6.0,4.0,0.267729231329486
1053,1.0,57.0,1.0,3.0,7.0,4.0,3.0,0.41922836644034356
1054,1.0,54.0,1.0,3.0,7.0,4.0,3.0,0.41922836644034356
1055,1.0,56.0,7.0,2.0,1.0,4.0,4.0,1.0723181902517618
1056,1.0,50.0,7.0,2.0,1.0,4.0,3.0,1.0723181902517618
1057,1.0,52.0,5.0,2.0,7.0,4.0,3.0,0.7307210402601935
1058,1.0,50.0,7.0,1.0,7.0,4.0,2.0,1.2753875677234345
1059,1.0,47.0,7.0,1.0,7.0,3.0,2.0,1.2753875677234345
1060,1.0,48.0,7.0,1.0,7.0,4.0,2.0,1.2753875677234345
1061,1.0,58.0,7.0,1.0,7.0,3.0,2.0,1.2753875677234345
1062,1.0,53.0,5.0,1.0,8.0,5.0,3.0,0.7654891512475833
1063,1.0,45.0,5.0,1.0,7.0,6.0,3.0,0.7654891512475833
1064,1.0,48.0,6.0,1.0,2.0,4.0,4.0,0.8865798712228009
1065,1.0,51.0,4.0,1.0,7.0,3.0,4.0,0.8865798712228009
1066,1.0,57.0,5.0,1.0,2.0,4.0,3.0,0.8865798712228009
1067,1.0,52.0,3.0,1.0,7.0,6.0,2.0,0.6455457199780354
1068,1.0,58.0,3.0,1.0,5.0,5.0,3.0,0.6455457199780354
1069,1.0,47.0,3.0,1.0,5.0,4.0,3.0,0.7476629033263047
1070,1.0,46.0,3.0,1.0,7.0,3.0,2.0,0.7476629033263047
1071,1.0,46.0,3.0,1.0,7.0,4.0,2.0,0.7476629033263047
1072,1.0,51.0,3.0,1.0,1.0,4.0,4.0,0.7476629033263047
1073,1.0,50.0,2.0,1.0,7.0,6.0,3.0,0.3497451179751836
1074,1.0,72.0,7.0,2.0,1.0,4.0,3.0,1.3591298351460617
1075,1.0,74.0,7.0,1.0,1.0,4.0,3.0,1.3591298351460617
1076,1.0,73.0,4.0,1.0,1.0,5.0,2.0,0.812712973200712
1077,1.0,61.0,3.0,1.0,5.0,3.0,4.0,1.8519534474043902
1078,1.0,71.0,1.0,2.0,1.0,5.0,3.0,0.8840481247188247
1079,1.0,75.0,1.0,1.0,1.0,6.0,3.0,0.8840481247188247
1080,1.0,64.0,1.0,1.0,2.0,5.0,3.0,0.8840481247188247
1081,1.0,67.0,1.0,1.0,1.0,5.0,5.0,0.8840481247188247
1082,1.0,70.0,7.0,8.0,1.0,5.0,3.0,1.5518893015200335
1083,1.0,70.0,7.0,8.0,99.0,2.0,3.0,1.1529092632787836
1084,1.0,73.0,5.0,8.0,1.0,5.0,3.0,0.8855876847805939
1085,1.0,66.0,5.0,8.0,1.0,3.0,3.0,0.6579091976657829
1086,1.0,78.0,3.0,8.0,1.0,6.0,3.0,0.8150541918768761
1087,1.0,84.0,3.0,8.0,1.0,1.0,3.0,0.6055093794181444
1088,1.0,73.0,2.0,8.0,1.0,2.0,3.0,0.5287354752092261
1089,1.0,72.0,7.0,7.0,1.0,5.0,2.0,0.8713483206728551
1090,1.0,67.0,7.0,7.0,99.0,5.0,1.0,0.8713483206728551
1091,1.0,63.0,7.0,7.0,1.0,5.0,3.0,0.8713483206728551
1092,1.0,63.0,7.0,7.0,5.0,4.0,4.0,1.1826748530063012
1093,1.0,70.0,7.0,7.0,1.0,4.0,3.0,1.1826748530063012
1094,1.0,63.0,7.0,7.0,1.0,4.0,3.0,1.1826748530063012
1095,1.0,71.0,5.0,7.0,1.0,3.0,3.0,0.9841256241266596
1096,1.0,64.0,3.0,7.0,1.0,5.0,2.0,0.47090734734871
1097,1.0,64.0,3.0,7.0,2.0,4.0,3.0,0.6391591796207988
1098,1.0,83.0,3.0,7.0,1.0,4.0,3.0,0.6391591796207988
1099,1.0,63.0,2.0,7.0,1.0,5.0,3.0,0.29972814985402285
1100,1.0,78.0,2.0,7.0,1.0,4.0,4.0,0.4068188773196084
1101,1.0,66.0,2.0,7.0,2.0,4.0,4.0,0.4068188773196084
1102,1.0,61.0,1.0,7.0,8.0,5.0,1.0,0.7883876507339089
1103,1.0,68.0,7.0,6.0,1.0,5.0,3.0,0.5783476096664766
1104,1.0,67.0,7.0,6.0,1.0,5.0,3.0,0.5783476096664766
1105,1.0,70.0,7.0,6.0,1.0,4.0,3.0,0.7359586465198995
1106,1.0,65.0,7.0,6.0,1.0,4.0,4.0,0.7359586465198995
1107,1.0,73.0,5.0,6.0,1.0,4.0,2.0,0.7798807079248288
1108,1.0,61.0,3.0,6.0,1.0,4.0,3.0,0.5567524468932019
1109,1.0,60.0,2.0,6.0,1.0,5.0,2.0,0.7864939487612289
1110,1.0,86.0,1.0,6.0,1.0,6.0,4.0,0.5525472401615756
1111,1.0,69.0,1.0,6.0,1.0,5.0,5.0,0.5525472401615756
1112,1.0,83.0,1.0,6.0,1.0,6.0,99.0,0.5525472401615756
1113,1.0,68.0,1.0,6.0,2.0,5.0,2.0,0.5525472401615756
1114,1.0,74.0,7.0,5.0,1.0,6.0,3.0,0.5831648328770753
1115,1.0,64.0,7.0,5.0,2.0,4.0,3.0,0.7688400424391483
1116,1.0,68.0,7.0,5.0,1.0,4.0,4.0,0.7688400424391483
1117,1.0,74.0,7.0,5.0,1.0,3.0,3.0,0.7688400424391483
1118,1.0,66.0,7.0,5.0,2.0,4.0,3.0,0.7688400424391483
1119,1.0,67.0,7.0,5.0,1.0,4.0,4.0,0.7688400424391483
1120,1.0,73.0,7.0,5.0,1.0,4.0,3.0,0.7688400424391483
1121,1.0,60.0,7.0,5.0,2.0,3.0,3.0,0.7688400424391483
1122,1.0,70.0,7.0,5.0,1.0,4.0,3.0,0.7688400424391483
1123,1.0,68.0,6.0,5.0,1.0,5.0,3.0,0.6599979048999143
1124,1.0,66.0,5.0,5.0,1.0,4.0,3.0,0.8701361752380568
1125,1.0,76.0,5.0,5.0,1.0,4.0,3.0,0.8701361752380568
1126,1.0,66.0,4.0,5.0,2.0,4.0,3.0,0.8701361752380568
1127,1.0,66.0,6.0,5.0,2.0,4.0,3.0,0.8701361752380568
1128,1.0,61.0,3.0,5.0,7.0,5.0,5.0,0.5180124845613501
1129,1.0,81.0,3.0,5.0,1.0,5.0,3.0,0.5180124845613501
1130,1.0,61.0,3.0,5.0,2.0,5.0,3.0,0.5180124845613501
1131,1.0,61.0,2.0,5.0,2.0,5.0,3.0,1.294670653431638
1132,1.0,66.0,2.0,5.0,2.0,5.0,3.0,1.294670653431638
1133,1.0,75.0,2.0,5.0,1.0,2.0,3.0,1.7068838585795154
1134,1.0,67.0,1.0,5.0,1.0,5.0,1.0,1.3578585164387764
1135,1.0,71.0,1.0,5.0,1.0,5.0,2.0,1.3578585164387764
1136,1.0,60.0,7.0,4.0,5.0,3.0,3.0,2.4521266443265257
1137,1.0,82.0,5.0,4.0,2.0,5.0,3.0,0.4265436848218218
1138,1.0,65.0,3.0,4.0,2.0,6.0,3.0,0.1849221887412451
1139,1.0,69.0,3.0,4.0,1.0,3.0,3.0,0.4583118050127055
1140,1.0,66.0,3.0,4.0,1.0,4.0,3.0,0.4583118050127055
1141,1.0,64.0,3.0,4.0,1.0,3.0,3.0,0.4583118050127055
1142,1.0,64.0,7.0,3.0,1.0,5.0,2.0,1.0024619661297116
1143,1.0,68.0,7.0,3.0,1.0,3.0,3.0,1.5697221046510705
1144,1.0,62.0,7.0,3.0,2.0,4.0,3.0,1.5697221046510705
1145,1.0,75.0,7.0,3.0,1.0,4.0,3.0,1.5697221046510705
1146,1.0,66.0,7.0,3.0,1.0,3.0,3.0,1.5697221046510705
1147,1.0,62.0,5.0,3.0,2.0,5.0,3.0,0.41672837912398003
1148,1.0,60.0,6.0,3.0,2.0,5.0,3.0,0.41672837912398003
1149,1.0,84.0,4.0,3.0,1.0,5.0,3.0,0.41672837912398003
1150,1.0,63.0,5.0,3.0,2.0,5.0,4.0,0.41672837912398003
1151,1.0,64.0,5.0,3.0,1.0,4.0,3.0,0.6525412139792651
1152,1.0,72.0,3.0,3.0,1.0,6.0,3.0,0.6754240711648395
1153,1.0,66.0,1.0,3.0,1.0,4.0,2.0,0.845876377479147
1154,1.0,60.0,1.0,3.0,7.0,4.0,4.0,0.845876377479147
1155,1.0,74.0,5.0,2.0,1.0,6.0,4.0,0.7533563846696589
1156,1.0,71.0,4.0,2.0,1.0,4.0,3.0,0.3140588203146553
1157,1.0,63.0,6.0,2.0,1.0,4.0,3.0,0.3140588203146553
1158,1.0,62.0,5.0,2.0,1.0,4.0,3.0,0.3140588203146553
1159,1.0,80.0,3.0,2.0,1.0,5.0,3.0,0.5113350784154176
1160,1.0,62.0,3.0,2.0,2.0,5.0,3.0,0.5113350784154176
1161,1.0,61.0,3.0,2.0,5.0,5.0,3.0,0.5113350784154176
1162,1.0,66.0,3.0,2.0,1.0,4.0,3.0,0.21316510323738078
1163,1.0,68.0,7.0,1.0,2.0,5.0,3.0,1.1530191238012057
1164,1.0,68.0,7.0,1.0,1.0,4.0,3.0,1.3354121931461234
1165,1.0,63.0,7.0,1.0,2.0,4.0,3.0,1.3354121931461234
1166,1.0,74.0,7.0,1.0,1.0,3.0,2.0,1.3354121931461234
1167,1.0,64.0,7.0,1.0,1.0,3.0,3.0,1.3354121931461234
1168,1.0,63.0,7.0,1.0,1.0,3.0,3.0,1.3354121931461234
1169,1.0,78.0,5.0,1.0,1.0,4.0,3.0,2.239182299492566
1170,1.0,60.0,3.0,1.0,1.0,5.0,3.0,1.6661996766984533
1171,1.0,68.0,3.0,1.0,2.0,5.0,2.0,1.6661996766984533
1172,1.0,62.0,1.0,1.0,7.0,5.0,2.0,1.228569651947251
1173,2.0,18.0,3.0,1.0,3.0,3.0,2.0,0.7403827196532109
1174,2.0,22.0,2.0,1.0,7.0,4.0,3.0,0.3960825915723204
1175,2.0,23.0,1.0,1.0,7.0,5.0,3.0,1.3489375270476693
1176,2.0,23.0,1.0,2.0,6.0,5.0,2.0,1.3489375270476693
1177,2.0,24.0,1.0,1.0,7.0,3.0,1.0,1.8902684621955717
1178,2.0,22.0,1.0,2.0,5.0,4.0,5.0,1.8902684621955717
1179,2.0,23.0,1.0,2.0,7.0,4.0,3.0,1.8902684621955717
1180,2.0,24.0,1.0,2.0,7.0,3.0,3.0,1.8902684621955717
1181,2.0,19.0,3.0,8.0,6.0,3.0,3.0,0.9604781514493085
1182,2.0,22.0,5.0,7.0,6.0,2.0,3.0,1.8284911708221205
1183,2.0,22.0,5.0,7.0,6.0,3.0,3.0,1.8284911708221205
1184,2.0,24.0,2.0,7.0,6.0,5.0,4.0,0.8955427815556534
1185,2.0,24.0,2.0,7.0,7.0,5.0,3.0,0.8955427815556534
1186,2.0,24.0,1.0,7.0,3.0,4.0,3.0,1.1901343835173381
1187,2.0,24.0,3.0,6.0,7.0,4.0,3.0,1.520773401710711
1188,2.0,23.0,7.0,5.0,5.0,4.0,3.0,7.030035749473824
1189,2.0,19.0,1.0,5.0,4.0,5.0,1.0,0.8436922584814861
1190,2.0,21.0,1.0,5.0,7.0,5.0,2.0,0.8436922584814861
1191,2.0,20.0,1.0,5.0,4.0,3.0,3.0,1.112317401953519
1192,2.0,21.0,1.0,5.0,6.0,3.0,3.0,1.112317401953519
1193,2.0,18.0,5.0,3.0,7.0,2.0,3.0,2.3979136166108352
1194,2.0,18.0,1.0,3.0,3.0,5.0,2.0,1.6961637925308897
1195,2.0,23.0,3.0,2.0,7.0,5.0,2.0,2.447722536634596
1196,2.0,18.0,7.0,1.0,6.0,2.0,1.0,1.956688487435898
1197,2.0,18.0,7.0,1.0,4.0,4.0,3.0,1.956688487435898
1198,2.0,18.0,4.0,1.0,3.0,3.0,3.0,1.4526243464816506
1199,2.0,18.0,5.0,1.0,3.0,3.0,2.0,1.4526243464816506
1200,2.0,20.0,3.0,1.0,4.0,5.0,3.0,1.0100614415303637
1201,2.0,21.0,3.0,1.0,7.0,4.0,3.0,1.1698404102783593
1202,2.0,20.0,3.0,1.0,9.0,4.0,3.0,1.1698404102783593
1203,2.0,22.0,2.0,1.0,7.0,4.0,3.0,0.9146942355316809
1204,2.0,26.0,4.0,1.0,7.0,5.0,2.0,4.924993497354096
1205,2.0,33.0,3.0,1.0,9.0,5.0,3.0,1.8957089190958767
1206,2.0,29.0,2.0,1.0,8.0,5.0,2.0,0.3228878072574341
1207,2.0,30.0,1.0,1.0,7.0,5.0,3.0,1.5438436401139382
1208,2.0,30.0,1.0,1.0,7.0,5.0,4.0,1.5438436401139382
1209,2.0,32.0,1.0,2.0,7.0,5.0,3.0,1.5438436401139382
1210,2.0,31.0,1.0,2.0,9.0,4.0,3.0,2.1633907315601433
1211,2.0,25.0,7.0,8.0,6.0,2.0,3.0,0.8460567532440002
1212,2.0,26.0,5.0,8.0,6.0,5.0,3.0,0.904258671038939
1213,2.0,31.0,6.0,8.0,7.0,5.0,3.0,0.904258671038939
1214,2.0,30.0,4.0,8.0,7.0,4.0,3.0,0.6717800021044199
1215,2.0,25.0,3.0,8.0,4.0,4.0,3.0,3.3504824617463935
1216,2.0,34.0,2.0,8.0,9.0,5.0,3.0,0.4558041954047712
1217,2.0,30.0,2.0,8.0,6.0,5.0,1.0,0.4558041954047712
1218,2.0,30.0,2.0,8.0,6.0,4.0,2.0,0.3386200798012974
1219,2.0,34.0,2.0,8.0,7.0,4.0,3.0,0.3386200798012974
1220,2.0,34.0,7.0,7.0,6.0,5.0,2.0,3.7394978590831762
1221,2.0,30.0,4.0,7.0,5.0,2.0,4.0,2.762790921979116
1222,2.0,25.0,3.0,7.0,9.0,5.0,99.0,2.501355968070773
1223,2.0,31.0,2.0,7.0,7.0,5.0,4.0,0.8358465069315557
1224,2.0,31.0,2.0,7.0,6.0,4.0,3.0,1.1344884947477283
1225,2.0,26.0,1.0,7.0,7.0,5.0,2.0,0.9158541942718498
1226,2.0,33.0,1.0,7.0,6.0,4.0,2.0,1.2430823574081717
1227,2.0,26.0,3.0,6.0,7.0,4.0,2.0,3.6894895465801922
1228,2.0,32.0,2.0,6.0,6.0,4.0,3.0,1.273899986721061
1229,2.0,34.0,1.0,6.0,7.0,5.0,2.0,0.7840933151363187
1230,2.0,27.0,1.0,6.0,7.0,5.0,3.0,0.7840933151363187
1231,2.0,34.0,1.0,6.0,7.0,3.0,4.0,0.9977740813795482
1232,2.0,34.0,7.0,5.0,5.0,4.0,99.0,1.401846055734321
1233,2.0,27.0,7.0,5.0,6.0,4.0,3.0,1.401846055734321
1234,2.0,31.0,7.0,5.0,7.0,3.0,3.0,1.401846055734321
1235,2.0,27.0,7.0,5.0,6.0,4.0,3.0,1.401846055734321
1236,2.0,33.0,2.0,5.0,7.0,5.0,1.0,0.7635372104138709
1237,2.0,27.0,2.0,5.0,6.0,5.0,3.0,0.7635372104138709
1238,2.0,32.0,2.0,5.0,6.0,5.0,2.0,0.7635372104138709
1239,2.0,31.0,2.0,5.0,7.0,4.0,2.0,1.0066416014187374
1240,2.0,34.0,2.0,5.0,6.0,4.0,2.0,1.0066416014187374
1241,2.0,26.0,2.0,5.0,7.0,4.0,4.0,1.0066416014187374
1242,2.0,25.0,2.0,5.0,4.0,2.0,2.0,1.0066416014187374
1243,2.0,25.0,1.0,5.0,5.0,6.0,3.0,0.7770928647347793
1244,2.0,34.0,1.0,5.0,6.0,5.0,3.0,0.7770928647347793
1245,2.0,34.0,1.0,5.0,6.0,6.0,3.0,0.7770928647347793
1246,2.0,28.0,1.0,5.0,6.0,5.0,3.0,0.7770928647347793
1247,2.0,30.0,1.0,5.0,9.0,4.0,2.0,1.024513272095379
1248,2.0,31.0,1.0,5.0,6.0,4.0,2.0,1.024513272095379
1249,2.0,30.0,4.0,4.0,6.0,4.0,99.0,2.2994121078961687
1250,2.0,33.0,7.0,3.0,9.0,5.0,3.0,6.548521350679527
1251,2.0,29.0,2.0,3.0,7.0,6.0,3.0,0.8530876001540384
1252,2.0,34.0,2.0,3.0,6.0,5.0,2.0,0.8530876001540384
1253,2.0,32.0,1.0,3.0,7.0,5.0,2.0,2.731014847417989
1254,2.0,34.0,3.0,2.0,7.0,5.0,2.0,1.1258929519398766
1255,2.0,34.0,3.0,2.0,7.0,6.0,3.0,1.1258929519398766
1256,2.0,30.0,7.0,1.0,9.0,5.0,3.0,4.697271555290506
1257,2.0,28.0,5.0,1.0,6.0,6.0,3.0,3.046774039443223
1258,2.0,34.0,3.0,1.0,7.0,5.0,3.0,1.6958327852306252
1259,2.0,31.0,2.0,1.0,6.0,5.0,2.0,0.6660533549807401
1260,2.0,33.0,2.0,1.0,9.0,5.0,2.0,0.6660533549807401
1261,2.0,35.0,4.0,2.0,5.0,5.0,3.0,5.46601213698246
1262,2.0,38.0,3.0,1.0,6.0,5.0,3.0,0.5499750628817031
1263,2.0,37.0,3.0,1.0,6.0,4.0,3.0,0.7706809956089036
1264,2.0,36.0,1.0,1.0,7.0,6.0,3.0,1.1432058076892346
1265,2.0,37.0,1.0,1.0,7.0,6.0,3.0,1.1432058076892346
1266,2.0,41.0,1.0,1.0,7.0,5.0,3.0,1.1432058076892346
1267,2.0,44.0,1.0,1.0,7.0,4.0,3.0,1.6019762522311465
1268,2.0,43.0,7.0,8.0,7.0,4.0,4.0,0.6960597706527909
1269,2.0,43.0,4.0,8.0,7.0,5.0,3.0,1.1034550916942882
1270,2.0,37.0,6.0,8.0,5.0,5.0,3.0,1.1034550916942882
1271,2.0,39.0,4.0,8.0,5.0,4.0,3.0,0.8197643965844823
1272,2.0,36.0,3.0,8.0,7.0,3.0,1.0,1.5753642555752925
1273,2.0,35.0,7.0,7.0,6.0,6.0,3.0,0.7613286914061599
1274,2.0,39.0,7.0,7.0,7.0,4.0,3.0,1.0333459958962998
1275,2.0,42.0,7.0,7.0,1.0,1.0,2.0,1.0333459958962998
1276,2.0,39.0,5.0,7.0,7.0,6.0,2.0,0.886209811213776
1277,2.0,42.0,5.0,7.0,7.0,4.0,3.0,1.2028462479857118
1278,2.0,38.0,6.0,7.0,6.0,2.0,3.0,1.2028462479857118
1279,2.0,42.0,3.0,7.0,9.0,5.0,3.0,1.0039935001292934
1280,2.0,35.0,3.0,7.0,6.0,3.0,2.0,1.3627132078108393
1281,2.0,43.0,2.0,7.0,9.0,5.0,2.0,0.9474428878211718
1282,2.0,39.0,2.0,7.0,8.0,5.0,2.0,0.9474428878211718
1283,2.0,42.0,2.0,7.0,7.0,6.0,2.0,0.9474428878211718
1284,2.0,35.0,1.0,7.0,6.0,5.0,3.0,2.5761935077078255
1285,2.0,39.0,6.0,6.0,7.0,5.0,4.0,1.1488191179332174
1286,2.0,40.0,5.0,6.0,7.0,5.0,2.0,1.1488191179332174
1287,2.0,41.0,3.0,6.0,5.0,4.0,3.0,1.991252812373289
1288,2.0,43.0,7.0,5.0,7.0,3.0,3.0,1.762140467635892
1289,2.0,43.0,7.0,5.0,7.0,2.0,3.0,1.762140467635892
1290,2.0,40.0,7.0,5.0,6.0,4.0,3.0,1.762140467635892
1291,2.0,39.0,5.0,5.0,7.0,5.0,2.0,0.953309261529238
1292,2.0,38.0,5.0,5.0,7.0,5.0,3.0,0.953309261529238
1293,2.0,44.0,5.0,5.0,7.0,5.0,3.0,0.953309261529238
1294,2.0,40.0,4.0,5.0,6.0,4.0,3.0,1.2568356179431501
1295,2.0,36.0,5.0,5.0,6.0,3.0,3.0,1.2568356179431501
1296,2.0,41.0,3.0,5.0,7.0,5.0,2.0,2.3111916353735236
1297,2.0,39.0,2.0,5.0,7.0,5.0,3.0,0.7693909207353476
1298,2.0,39.0,2.0,5.0,7.0,6.0,4.0,0.7693909207353476
1299,2.0,41.0,2.0,5.0,7.0,4.0,4.0,1.0143590882050837
1300,2.0,37.0,1.0,5.0,7.0,6.0,5.0,0.5581043166093229
1301,2.0,36.0,1.0,5.0,9.0,5.0,2.0,0.5581043166093229
1302,2.0,43.0,1.0,5.0,7.0,6.0,2.0,0.5581043166093229
1303,2.0,42.0,1.0,5.0,7.0,5.0,2.0,0.5581043166093229
1304,2.0,35.0,1.0,5.0,6.0,5.0,2.0,0.5581043166093229
1305,2.0,40.0,1.0,5.0,9.0,5.0,3.0,0.5581043166093229
1306,2.0,36.0,1.0,5.0,6.0,5.0,5.0,0.5581043166093229
1307,2.0,36.0,1.0,5.0,7.0,5.0,3.0,0.5581043166093229
1308,2.0,37.0,7.0,4.0,7.0,5.0,3.0,1.2964510273678032
1309,2.0,37.0,7.0,4.0,7.0,5.0,3.0,1.2964510273678032
1310,2.0,38.0,7.0,4.0,7.0,4.0,4.0,3.213128800324374
1311,2.0,35.0,5.0,4.0,5.0,5.0,3.0,2.536649701741528
1312,2.0,37.0,3.0,4.0,5.0,2.0,3.0,3.194491276654652
1313,2.0,43.0,7.0,3.0,9.0,2.0,3.0,1.1694974245042398
1314,2.0,44.0,7.0,3.0,6.0,4.0,2.0,1.1694974245042398
1315,2.0,39.0,7.0,3.0,1.0,2.0,2.0,1.1694974245042398
1316,2.0,37.0,7.0,3.0,7.0,3.0,4.0,1.1694974245042398
1317,2.0,38.0,3.0,3.0,9.0,5.0,3.0,0.8103281941540795
1318,2.0,41.0,3.0,3.0,9.0,5.0,2.0,0.8103281941540795
1319,2.0,41.0,3.0,3.0,7.0,5.0,2.0,0.8103281941540795
1320,2.0,41.0,7.0,2.0,7.0,4.0,5.0,1.2677471908555187
1321,2.0,42.0,5.0,2.0,7.0,4.0,3.0,2.9064029648635423
1322,2.0,36.0,4.0,1.0,5.0,5.0,2.0,1.0431833714554997
1323,2.0,36.0,5.0,1.0,7.0,5.0,4.0,1.0431833714554997
1324,2.0,42.0,6.0,1.0,7.0,4.0,2.0,1.2082018113770154
1325,2.0,44.0,6.0,1.0,5.0,4.0,3.0,1.2082018113770154
1326,2.0,44.0,3.0,1.0,7.0,5.0,3.0,0.8135279492687988
1327,2.0,37.0,3.0,1.0,5.0,3.0,3.0,0.9422178006355619
1328,2.0,38.0,2.0,1.0,7.0,5.0,99.0,0.6725570461870631
1329,2.0,38.0,1.0,1.0,7.0,6.0,3.0,0.42321558573894896
1330,2.0,42.0,1.0,1.0,7.0,5.0,3.0,0.42321558573894896
1331,2.0,48.0,7.0,1.0,7.0,5.0,3.0,3.162863619743378
1332,2.0,48.0,5.0,1.0,7.0,5.0,3.0,0.8291186973390368
1333,2.0,57.0,4.0,1.0,1.0,5.0,3.0,0.8291186973390368
1334,2.0,48.0,4.0,2.0,7.0,5.0,3.0,0.8291186973390368
1335,2.0,50.0,4.0,2.0,7.0,5.0,4.0,0.8291186973390368
1336,2.0,56.0,4.0,1.0,8.0,5.0,4.0,0.8291186973390368
1337,2.0,48.0,3.0,1.0,7.0,5.0,3.0,1.3663289262884706
1338,2.0,57.0,3.0,1.0,7.0,5.0,3.0,1.3663289262884706
1339,2.0,58.0,1.0,1.0,1.0,5.0,4.0,1.0019294383931403
1340,2.0,48.0,1.0,2.0,7.0,5.0,3.0,1.0019294383931403
1341,2.0,46.0,1.0,2.0,7.0,5.0,3.0,1.0019294383931403
1342,2.0,58.0,1.0,1.0,1.0,5.0,5.0,1.0019294383931403
1343,2.0,55.0,1.0,1.0,1.0,6.0,4.0,1.0019294383931403
1344,2.0,56.0,1.0,2.0,7.0,5.0,2.0,1.0019294383931403
1345,2.0,57.0,1.0,2.0,1.0,5.0,3.0,1.0019294383931403
1346,2.0,56.0,1.0,2.0,7.0,4.0,2.0,1.404005434473279
1347,2.0,57.0,1.0,1.0,2.0,4.0,3.0,1.404005434473279
1348,2.0,52.0,1.0,1.0,1.0,3.0,3.0,1.404005434473279
1349,2.0,46.0,5.0,8.0,7.0,4.0,3.0,1.1379839792864748
1350,2.0,47.0,6.0,8.0,7.0,4.0,2.0,1.1379839792864748
1351,2.0,54.0,5.0,8.0,1.0,4.0,3.0,1.1379839792864748
1352,2.0,45.0,3.0,8.0,7.0,5.0,3.0,0.9965967436224495
1353,2.0,45.0,3.0,8.0,5.0,4.0,2.0,0.7403785929514384
1354,2.0,51.0,3.0,8.0,7.0,4.0,3.0,0.7403785929514384
1355,2.0,58.0,2.0,8.0,1.0,3.0,3.0,1.8093948137445062
1356,2.0,59.0,7.0,7.0,1.0,5.0,3.0,0.5512955415132158
1357,2.0,57.0,7.0,7.0,1.0,4.0,1.0,0.7482695014763957
1358,2.0,59.0,7.0,7.0,1.0,4.0,3.0,0.7482695014763957
1359,2.0,46.0,7.0,7.0,1.0,2.0,3.0,0.7482695014763957
1360,2.0,59.0,7.0,7.0,1.0,3.0,3.0,0.7482695014763957
1361,2.0,59.0,7.0,7.0,1.0,4.0,5.0,0.7482695014763957
1362,2.0,53.0,6.0,7.0,7.0,5.0,3.0,1.0409665128190433
1363,2.0,45.0,5.0,7.0,7.0,3.0,4.0,1.4128964138957303
1364,2.0,47.0,5.0,7.0,7.0,4.0,3.0,1.4128964138957303
1365,2.0,50.0,3.0,7.0,5.0,1.0,3.0,1.297487368106297
1366,2.0,58.0,2.0,7.0,2.0,5.0,3.0,0.661218261968666
1367,2.0,50.0,2.0,7.0,7.0,5.0,3.0,0.661218261968666
1368,2.0,46.0,2.0,7.0,5.0,5.0,3.0,0.661218261968666
1369,2.0,46.0,7.0,6.0,7.0,5.0,3.0,0.6920537093255298
1370,2.0,50.0,7.0,6.0,2.0,4.0,3.0,0.880651882572854
1371,2.0,49.0,7.0,6.0,5.0,3.0,4.0,0.880651882572854
1372,2.0,47.0,7.0,6.0,1.0,2.0,3.0,0.880651882572854
1373,2.0,58.0,5.0,6.0,2.0,5.0,3.0,0.6910476829245343
1374,2.0,57.0,5.0,6.0,1.0,4.0,4.0,0.8793716942984235
1375,2.0,50.0,3.0,6.0,7.0,5.0,3.0,1.1468897339595974
1376,2.0,56.0,3.0,6.0,9.0,5.0,2.0,1.1468897339595974
1377,2.0,54.0,2.0,6.0,99.0,4.0,3.0,0.4013698599809239
1378,2.0,58.0,1.0,6.0,1.0,5.0,3.0,0.7219218547441455
1379,2.0,48.0,1.0,6.0,7.0,6.0,3.0,0.7219218547441455
1380,2.0,58.0,7.0,5.0,2.0,5.0,3.0,1.1455400796259148
1381,2.0,54.0,7.0,5.0,7.0,5.0,3.0,1.1455400796259148
1382,2.0,55.0,7.0,5.0,8.0,6.0,2.0,1.1455400796259148
1383,2.0,55.0,7.0,5.0,7.0,4.0,3.0,1.5102712539954948
1384,2.0,59.0,7.0,5.0,2.0,4.0,2.0,1.5102712539954948
1385,2.0,50.0,7.0,5.0,5.0,4.0,4.0,1.5102712539954948
1386,2.0,53.0,7.0,5.0,7.0,4.0,4.0,1.5102712539954948
1387,2.0,52.0,7.0,5.0,9.0,4.0,3.0,1.5102712539954948
1388,2.0,45.0,4.0,5.0,7.0,5.0,3.0,1.0549502993289213
1389,2.0,46.0,4.0,5.0,7.0,5.0,3.0,1.0549502993289213
1390,2.0,49.0,4.0,5.0,5.0,5.0,2.0,1.0549502993289213
1391,2.0,46.0,5.0,5.0,9.0,4.0,3.0,1.3908383825301902
1392,2.0,50.0,4.0,5.0,5.0,4.0,2.0,1.3908383825301902
1393,2.0,56.0,3.0,5.0,7.0,5.0,3.0,1.2721074247129798
1394,2.0,56.0,3.0,5.0,7.0,4.0,99.0,1.6771366709104087
1395,2.0,47.0,2.0,5.0,7.0,6.0,3.0,0.7982652885740574
1396,2.0,57.0,2.0,5.0,2.0,5.0,3.0,0.7982652885740574
1397,2.0,45.0,2.0,5.0,9.0,1.0,2.0,1.0524268332798228
1398,2.0,57.0,2.0,5.0,5.0,4.0,3.0,1.0524268332798228
1399,2.0,59.0,2.0,5.0,1.0,4.0,3.0,1.0524268332798228
1400,2.0,53.0,7.0,4.0,9.0,3.0,3.0,1.489737931974035
1401,2.0,59.0,4.0,4.0,1.0,4.0,4.0,0.5876698494682541
1402,2.0,55.0,3.0,4.0,5.0,5.0,3.0,1.2017991315516885
1403,2.0,54.0,7.0,3.0,7.0,4.0,3.0,3.4240256699406233
1404,2.0,54.0,7.0,3.0,5.0,3.0,5.0,3.4240256699406233
1405,2.0,47.0,4.0,3.0,7.0,5.0,3.0,0.8859998811788089
1406,2.0,58.0,4.0,3.0,1.0,5.0,3.0,0.8859998811788089
1407,2.0,52.0,5.0,3.0,7.0,4.0,3.0,1.3873579698729852
1408,2.0,58.0,3.0,3.0,1.0,4.0,4.0,2.08399136095752
1409,2.0,47.0,2.0,3.0,7.0,4.0,3.0,2.9070134616819487
1410,2.0,53.0,1.0,3.0,2.0,6.0,3.0,3.1251516749126984
1411,2.0,50.0,5.0,2.0,8.0,6.0,3.0,1.2414154743325647
1412,2.0,49.0,5.0,2.0,7.0,6.0,3.0,1.2414154743325647
1413,2.0,52.0,5.0,2.0,1.0,4.0,3.0,0.5175206413896681
1414,2.0,50.0,3.0,2.0,6.0,5.0,3.0,1.3500041051304934
1415,2.0,54.0,3.0,2.0,1.0,4.0,3.0,0.5627890136792786
1416,2.0,57.0,3.0,2.0,1.0,4.0,2.0,0.5627890136792786
1417,2.0,50.0,7.0,1.0,5.0,5.0,3.0,0.8612204248907688
1418,2.0,54.0,7.0,1.0,9.0,4.0,3.0,0.9974546238175888
1419,2.0,47.0,7.0,1.0,6.0,3.0,3.0,0.9974546238175888
1420,2.0,46.0,7.0,1.0,5.0,3.0,3.0,0.9974546238175888
1421,2.0,54.0,7.0,1.0,99.0,4.0,3.0,0.9974546238175888
1422,2.0,47.0,5.0,1.0,5.0,4.0,3.0,1.3149522612207043
1423,2.0,46.0,3.0,1.0,7.0,5.0,3.0,0.9212048124752865
1424,2.0,50.0,3.0,1.0,7.0,5.0,2.0,0.9212048124752865
1425,2.0,53.0,3.0,1.0,7.0,5.0,3.0,0.9212048124752865
1426,2.0,55.0,3.0,1.0,5.0,4.0,4.0,1.0669277842580558
1427,2.0,50.0,3.0,1.0,7.0,4.0,3.0,1.0669277842580558
1428,2.0,46.0,2.0,1.0,7.0,5.0,3.0,1.7138456342321398
1429,2.0,70.0,7.0,2.0,1.0,5.0,2.0,0.9202875708758782
1430,2.0,66.0,7.0,1.0,1.0,5.0,3.0,0.9202875708758782
1431,2.0,65.0,7.0,2.0,1.0,4.0,3.0,1.2896005459827125
1432,2.0,70.0,4.0,1.0,2.0,6.0,3.0,1.0031071559967208
1433,2.0,80.0,5.0,1.0,1.0,4.0,2.0,1.4056557721640792
1434,2.0,75.0,4.0,1.0,1.0,3.0,2.0,1.4056557721640792
1435,2.0,63.0,3.0,1.0,1.0,3.0,99.0,2.178072574934622
1436,2.0,73.0,3.0,1.0,1.0,3.0,4.0,2.178072574934622
1437,2.0,81.0,1.0,1.0,1.0,5.0,3.0,0.6664158308307181
1438,2.0,66.0,1.0,1.0,1.0,5.0,3.0,0.6664158308307181
1439,2.0,73.0,1.0,2.0,1.0,5.0,3.0,0.6664158308307181
1440,2.0,80.0,1.0,1.0,1.0,5.0,3.0,0.6664158308307181
1441,2.0,62.0,1.0,2.0,1.0,5.0,4.0,0.6664158308307181
1442,2.0,83.0,1.0,1.0,1.0,5.0,2.0,0.6664158308307181
1443,2.0,62.0,1.0,1.0,5.0,5.0,4.0,0.6664158308307181
1444,2.0,82.0,1.0,1.0,1.0,5.0,3.0,0.6664158308307181
1445,2.0,60.0,1.0,1.0,1.0,5.0,3.0,0.6664158308307181
1446,2.0,65.0,1.0,1.0,1.0,5.0,2.0,0.6664158308307181
1447,2.0,68.0,1.0,1.0,1.0,5.0,3.0,0.6664158308307181
1448,2.0,62.0,1.0,2.0,1.0,5.0,3.0,0.6664158308307181
1449,2.0,61.0,1.0,1.0,1.0,5.0,3.0,0.6664158308307181
1450,2.0,65.0,1.0,1.0,1.0,3.0,2.0,0.9338496427512092
1451,2.0,68.0,1.0,1.0,1.0,4.0,3.0,0.9338496427512092
1452,2.0,70.0,1.0,1.0,1.0,4.0,3.0,0.9338496427512092
1453,2.0,64.0,1.0,1.0,2.0,4.0,4.0,0.9338496427512092
1454,2.0,73.0,1.0,1.0,1.0,4.0,3.0,0.9338496427512092
1455,2.0,60.0,1.0,1.0,1.0,4.0,2.0,0.9338496427512092
1456,2.0,62.0,1.0,2.0,1.0,4.0,99.0,0.9338496427512092
1457,2.0,63.0,1.0,2.0,1.0,4.0,1.0,0.9338496427512092
1458,2.0,62.0,1.0,1.0,1.0,4.0,4.0,0.9338496427512092
1459,2.0,75.0,7.0,8.0,1.0,5.0,3.0,1.4584238195857817
1460,2.0,65.0,6.0,8.0,2.0,5.0,3.0,0.5784687614333974
1461,2.0,65.0,4.0,8.0,1.0,4.0,3.0,0.42974843174750704
1462,2.0,62.0,6.0,8.0,1.0,4.0,3.0,0.42974843174750704
1463,2.0,70.0,6.0,8.0,1.0,4.0,2.0,0.42974843174750704
1464,2.0,68.0,5.0,8.0,1.0,4.0,2.0,0.42974843174750704
1465,2.0,66.0,5.0,8.0,1.0,4.0,3.0,0.42974843174750704
1466,2.0,82.0,5.0,8.0,1.0,2.0,3.0,0.42974843174750704
1467,2.0,61.0,3.0,8.0,1.0,5.0,2.0,0.7501759657114552
1468,2.0,69.0,3.0,8.0,1.0,4.0,3.0,0.5573108978267407
1469,2.0,63.0,2.0,8.0,1.0,3.0,3.0,0.9981300340635614
1470,2.0,65.0,7.0,7.0,1.0,5.0,2.0,1.1696086468768394
1471,2.0,63.0,7.0,7.0,1.0,4.0,3.0,1.5875014637680211
1472,2.0,64.0,7.0,7.0,1.0,4.0,4.0,1.5875014637680211
1473,2.0,70.0,7.0,7.0,1.0,2.0,1.0,1.5875014637680211
1474,2.0,64.0,4.0,7.0,1.0,4.0,3.0,1.4591975709525216
1475,2.0,60.0,5.0,7.0,1.0,4.0,3.0,1.4591975709525216
1476,2.0,62.0,3.0,7.0,2.0,4.0,3.0,0.7544151843126221
1477,2.0,70.0,3.0,7.0,1.0,4.0,5.0,0.7544151843126221
1478,2.0,60.0,2.0,7.0,1.0,4.0,5.0,1.5584540170563437
1479,2.0,71.0,2.0,7.0,1.0,4.0,4.0,1.5584540170563437
1480,2.0,63.0,2.0,7.0,2.0,4.0,3.0,1.5584540170563437
1481,2.0,65.0,1.0,7.0,2.0,5.0,3.0,1.1812819381785806
1482,2.0,68.0,1.0,7.0,1.0,4.0,3.0,1.6033455386882853
1483,2.0,75.0,7.0,6.0,1.0,4.0,3.0,2.411457847365954
1484,2.0,70.0,5.0,6.0,1.0,5.0,3.0,0.8404347284019278
1485,2.0,65.0,4.0,6.0,1.0,5.0,3.0,0.8404347284019278
1486,2.0,72.0,4.0,6.0,1.0,4.0,3.0,1.0694696318701742
1487,2.0,62.0,5.0,6.0,1.0,3.0,3.0,1.0694696318701742
1488,2.0,68.0,6.0,6.0,1.0,4.0,3.0,1.0694696318701742
1489,2.0,73.0,3.0,6.0,1.0,4.0,3.0,1.0505181742753296
1490,2.0,76.0,3.0,6.0,1.0,4.0,3.0,1.0505181742753296
1491,2.0,73.0,3.0,6.0,1.0,3.0,3.0,1.0505181742753296
1492,2.0,70.0,2.0,6.0,1.0,4.0,5.0,0.5084245675176767
1493,2.0,74.0,1.0,6.0,1.0,5.0,4.0,0.5311274932165535
1494,2.0,60.0,1.0,6.0,1.0,5.0,3.0,0.5311274932165535
1495,2.0,65.0,1.0,6.0,1.0,4.0,3.0,0.6758701246514711
1496,2.0,67.0,1.0,6.0,1.0,4.0,3.0,0.6758701246514711
1497,2.0,82.0,1.0,6.0,1.0,4.0,2.0,0.6758701246514711
1498,2.0,75.0,7.0,5.0,1.0,5.0,3.0,0.7737114280035966
1499,2.0,71.0,7.0,5.0,1.0,5.0,3.0,0.7737114280035966
1500,2.0,70.0,7.0,5.0,1.0,5.0,3.0,0.7737114280035966
1501,2.0,71.0,7.0,5.0,1.0,3.0,3.0,1.0200552118466466
1502,2.0,62.0,7.0,5.0,1.0,4.0,3.0,1.0200552118466466
1503,2.0,70.0,7.0,5.0,2.0,4.0,3.0,1.0200552118466466
1504,2.0,72.0,7.0,5.0,1.0,4.0,3.0,1.0200552118466466
1505,2.0,79.0,7.0,5.0,1.0,3.0,3.0,1.0200552118466466
1506,2.0,62.0,7.0,5.0,1.0,3.0,4.0,1.0200552118466466
1507,2.0,62.0,4.0,5.0,1.0,5.0,5.0,1.0695972646488123
1508,2.0,70.0,5.0,5.0,1.0,5.0,3.0,1.0695972646488123
1509,2.0,65.0,5.0,5.0,2.0,5.0,3.0,1.0695972646488123
1510,2.0,76.0,5.0,5.0,1.0,4.0,3.0,1.4101488292568771
1511,2.0,65.0,5.0,5.0,1.0,3.0,3.0,1.4101488292568771
1512,2.0,64.0,4.0,5.0,1.0,4.0,3.0,1.4101488292568771
1513,2.0,63.0,5.0,5.0,2.0,4.0,3.0,1.4101488292568771
1514,2.0,74.0,3.0,5.0,1.0,4.0,3.0,1.0273840474708817
1515,2.0,81.0,3.0,5.0,1.0,4.0,3.0,1.0273840474708817
1516,2.0,62.0,3.0,5.0,2.0,4.0,2.0,1.0273840474708817
1517,2.0,70.0,2.0,5.0,1.0,5.0,3.0,0.8219106382170107
1518,2.0,61.0,2.0,5.0,1.0,5.0,3.0,0.8219106382170107
1519,2.0,69.0,2.0,5.0,2.0,5.0,3.0,0.8219106382170107
1520,2.0,63.0,2.0,5.0,2.0,6.0,3.0,0.8219106382170107
1521,2.0,74.0,2.0,5.0,1.0,4.0,4.0,1.0836006808749992
1522,2.0,61.0,2.0,5.0,2.0,4.0,3.0,1.0836006808749992
1523,2.0,76.0,2.0,5.0,1.0,4.0,3.0,1.0836006808749992
1524,2.0,70.0,1.0,5.0,2.0,5.0,3.0,1.3997167424349553
1525,2.0,65.0,1.0,5.0,2.0,6.0,3.0,1.3997167424349553
1526,2.0,69.0,7.0,4.0,1.0,5.0,3.0,0.45045701338431304
1527,2.0,62.0,7.0,4.0,1.0,4.0,3.0,1.1164142512593476
1528,2.0,83.0,7.0,4.0,1.0,4.0,3.0,1.1164142512593476
1529,2.0,60.0,4.0,4.0,2.0,5.0,3.0,0.27559871531607877
1530,2.0,76.0,4.0,4.0,1.0,3.0,3.0,0.6830448283977215
1531,2.0,70.0,5.0,4.0,1.0,4.0,4.0,0.6830448283977215
1532,2.0,65.0,3.0,4.0,1.0,5.0,3.0,0.22392000884972224
1533,2.0,78.0,3.0,4.0,1.0,5.0,3.0,0.22392000884972224
1534,2.0,84.0,3.0,4.0,1.0,4.0,3.0,0.5549641399603856
1535,2.0,65.0,3.0,4.0,1.0,4.0,2.0,0.5549641399603856
1536,2.0,69.0,3.0,4.0,1.0,4.0,3.0,0.5549641399603856
1537,2.0,64.0,7.0,3.0,2.0,5.0,3.0,0.6679610280488694
1538,2.0,60.0,7.0,3.0,1.0,5.0,3.0,0.6679610280488694
1539,2.0,67.0,7.0,3.0,1.0,3.0,3.0,1.0459381265324668
1540,2.0,60.0,7.0,3.0,1.0,4.0,3.0,1.0459381265324668
1541,2.0,82.0,7.0,3.0,1.0,4.0,2.0,1.0459381265324668
1542,2.0,69.0,7.0,3.0,1.0,4.0,3.0,1.0459381265324668
1543,2.0,64.0,7.0,3.0,1.0,4.0,4.0,1.0459381265324668
1544,2.0,70.0,7.0,3.0,1.0,2.0,4.0,1.0459381265324668
1545,2.0,67.0,5.0,3.0,1.0,5.0,3.0,0.5427006433812185
1546,2.0,61.0,6.0,3.0,1.0,5.0,99.0,0.5427006433812185
1547,2.0,70.0,4.0,3.0,1.0,4.0,4.0,0.8497970246320824
1548,2.0,67.0,5.0,3.0,1.0,4.0,4.0,0.8497970246320824
1549,2.0,75.0,4.0,3.0,1.0,4.0,3.0,0.8497970246320824
1550,2.0,82.0,3.0,3.0,1.0,5.0,3.0,0.5079590871264903
1551,2.0,79.0,3.0,3.0,1.0,5.0,3.0,0.5079590871264903
1552,2.0,71.0,3.0,3.0,2.0,4.0,4.0,0.7953963684021289
1553,2.0,75.0,3.0,3.0,2.0,2.0,2.0,0.7953963684021289
1554,2.0,63.0,3.0,3.0,1.0,4.0,3.0,0.7953963684021289
1555,2.0,63.0,3.0,3.0,1.0,4.0,3.0,0.7953963684021289
1556,2.0,67.0,2.0,3.0,1.0,4.0,3.0,0.8062415900065317
1557,2.0,84.0,2.0,3.0,1.0,4.0,3.0,0.8062415900065317
1558,2.0,66.0,2.0,3.0,1.0,3.0,3.0,0.8062415900065317
1559,2.0,69.0,1.0,3.0,2.0,5.0,3.0,0.6418149521488908
1560,2.0,81.0,7.0,2.0,1.0,5.0,3.0,2.5069007280064537
1561,2.0,78.0,5.0,2.0,1.0,5.0,3.0,1.5227515079817404
1562,2.0,67.0,5.0,2.0,1.0,4.0,3.0,0.6348038617059171
1563,2.0,76.0,4.0,2.0,1.0,4.0,3.0,0.6348038617059171
1564,2.0,76.0,5.0,2.0,1.0,2.0,3.0,0.6348038617059171
1565,2.0,72.0,5.0,2.0,1.0,999.0,99.0,0.6348038617059171
1566,2.0,76.0,5.0,2.0,1.0,4.0,3.0,0.6348038617059171
1567,2.0,76.0,3.0,2.0,1.0,5.0,3.0,0.6903475572807624
1568,2.0,84.0,3.0,2.0,1.0,5.0,3.0,0.6903475572807624
1569,2.0,74.0,3.0,2.0,1.0,4.0,3.0,0.28779173291505267
1570,2.0,71.0,3.0,2.0,1.0,2.0,3.0,0.28779173291505267
1571,2.0,71.0,3.0,2.0,1.0,4.0,2.0,0.28779173291505267
1572,2.0,76.0,3.0,2.0,1.0,3.0,2.0,0.28779173291505267
1573,2.0,71.0,3.0,2.0,1.0,4.0,3.0,0.28779173291505267
1574,2.0,65.0,3.0,2.0,1.0,4.0,3.0,0.28779173291505267
1575,2.0,66.0,3.0,2.0,1.0,4.0,4.0,0.28779173291505267
1576,2.0,79.0,3.0,2.0,1.0,4.0,3.0,0.28779173291505267
1577,2.0,62.0,7.0,1.0,1.0,5.0,3.0,0.7579271808994409
1578,2.0,69.0,7.0,1.0,1.0,5.0,4.0,0.7579271808994409
1579,2.0,67.0,7.0,1.0,1.0,5.0,3.0,0.7579271808994409
1580,2.0,63.0,7.0,1.0,1.0,6.0,3.0,0.7579271808994409
1581,2.0,60.0,7.0,1.0,1.0,4.0,4.0,0.8778216926300408
1582,2.0,61.0,7.0,1.0,1.0,2.0,4.0,0.8778216926300408
1583,2.0,75.0,7.0,1.0,1.0,2.0,3.0,0.8778216926300408
1584,2.0,65.0,7.0,1.0,1.0,4.0,3.0,0.8778216926300408
1585,2.0,66.0,7.0,1.0,1.0,4.0,4.0,0.8778216926300408
1586,2.0,75.0,7.0,1.0,1.0,4.0,3.0,0.8778216926300408
1587,2.0,75.0,7.0,1.0,1.0,2.0,3.0,0.8778216926300408
1588,2.0,72.0,5.0,1.0,1.0,5.0,3.0,1.1617243901035645
1589,2.0,66.0,5.0,1.0,1.0,5.0,2.0,1.1617243901035645
1590,2.0,76.0,5.0,1.0,1.0,4.0,3.0,1.3454945226797648
1591,2.0,74.0,5.0,1.0,1.0,4.0,3.0,1.3454945226797648
1592,2.0,69.0,5.0,1.0,1.0,4.0,3.0,1.3454945226797648
1593,2.0,69.0,5.0,1.0,1.0,3.0,3.0,1.3454945226797648
1594,2.0,69.0,3.0,1.0,2.0,5.0,5.0,1.2434108968027489
1595,2.0,68.0,3.0,1.0,1.0,5.0,3.0,1.2434108968027489
1596,2.0,77.0,3.0,1.0,1.0,6.0,3.0,1.2434108968027489
1597,2.0,68.0,3.0,1.0,1.0,4.0,3.0,1.4401028035051318
1598,2.0,78.0,2.0,1.0,1.0,5.0,2.0,0.6287906132781964
1599,2.0,72.0,2.0,1.0,1.0,5.0,3.0,0.6287906132781964
